アーモンドグリーン,*,*,*,名詞,一般,色彩語,*,*,*,アーモンドグリーン,*,*
almond green,*,*,*,名詞,一般,色彩語,*,*,*,almond green,*,*
山葵色,*,*,*,名詞,一般,色彩語,*,*,*,山葵色,*,*
ミロリーブルー,*,*,*,名詞,一般,色彩語,*,*,*,ミロリーブルー,*,*
ミロリブルー,*,*,*,名詞,一般,色彩語,*,*,*,ミロリブルー,*,*
Milori blue,*,*,*,名詞,一般,色彩語,*,*,*,Milori blue,*,*
紺青,*,*,*,名詞,一般,色彩語,*,*,*,紺青,*,*
あいいろ,*,*,*,名詞,一般,色彩語,*,*,*,あいいろ,*,*
藍色,*,*,*,名詞,一般,色彩語,*,*,*,藍色,*,*
インディゴ,*,*,*,名詞,一般,色彩語,*,*,*,インディゴ,*,*
あいねず,*,*,*,名詞,一般,色彩語,*,*,*,あいねず,*,*
あいねずみ,*,*,*,名詞,一般,色彩語,*,*,*,あいねずみ,*,*
藍鼠,*,*,*,名詞,一般,色彩語,*,*,*,藍鼠,*,*
藍気鼠,*,*,*,名詞,一般,色彩語,*,*,*,藍気鼠,*,*
あいさびいろ,*,*,*,名詞,一般,色彩語,*,*,*,あいさびいろ,*,*
藍錆色,*,*,*,名詞,一般,色彩語,*,*,*,藍錆色,*,*
アイスグリーン,*,*,*,名詞,一般,色彩語,*,*,*,アイスグリーン,*,*
ice green,*,*,*,名詞,一般,色彩語,*,*,*,ice green,*,*
あいてついろ,*,*,*,名詞,一般,色彩語,*,*,*,あいてついろ,*,*
藍鉄色,*,*,*,名詞,一般,色彩語,*,*,*,藍鉄色,*,*
アイビーグリーン,*,*,*,名詞,一般,色彩語,*,*,*,アイビーグリーン,*,*
ivy green,*,*,*,名詞,一般,色彩語,*,*,*,ivy green,*,*
ぞうげいろ,*,*,*,名詞,一般,色彩語,*,*,*,ぞうげいろ,*,*
象牙色,*,*,*,名詞,一般,色彩語,*,*,*,象牙色,*,*
アイボリー,*,*,*,名詞,一般,色彩語,*,*,*,アイボリー,*,*
すみ,*,*,*,名詞,一般,色彩語,*,*,*,すみ,*,*
すみいろ,*,*,*,名詞,一般,色彩語,*,*,*,すみいろ,*,*
墨墨色,*,*,*,名詞,一般,色彩語,*,*,*,墨墨色,*,*
あいみるちゃ,*,*,*,名詞,一般,色彩語,*,*,*,あいみるちゃ,*,*
藍海松茶,*,*,*,名詞,一般,色彩語,*,*,*,藍海松茶,*,*
りきゅうあい,*,*,*,名詞,一般,色彩語,*,*,*,りきゅうあい,*,*
利休藍,*,*,*,名詞,一般,色彩語,*,*,*,利休藍,*,*
藍利休,*,*,*,名詞,一般,色彩語,*,*,*,藍利休,*,*
あお,*,*,*,名詞,一般,色彩語,*,*,*,あお,*,*
青,*,*,*,名詞,一般,色彩語,*,*,*,青,*,*
蒼,*,*,*,名詞,一般,色彩語,*,*,*,蒼,*,*
藍,*,*,*,名詞,一般,色彩語,*,*,*,藍,*,*
碧,*,*,*,名詞,一般,色彩語,*,*,*,碧,*,*
ブルー,*,*,*,名詞,一般,色彩語,*,*,*,ブルー,*,*
あおかち,*,*,*,名詞,一般,色彩語,*,*,*,あおかち,*,*
青褐,*,*,*,名詞,一般,色彩語,*,*,*,青褐,*,*
あおき,*,*,*,名詞,一般,色彩語,*,*,*,あおき,*,*
青黄,*,*,*,名詞,一般,色彩語,*,*,*,青黄,*,*
やまばといろ,*,*,*,名詞,一般,色彩語,*,*,*,やまばといろ,*,*
山鳩色,*,*,*,名詞,一般,色彩語,*,*,*,山鳩色,*,*
麹塵,*,*,*,名詞,一般,色彩語,*,*,*,麹塵,*,*
あおずみ,*,*,*,名詞,一般,色彩語,*,*,*,あおずみ,*,*
青墨,*,*,*,名詞,一般,色彩語,*,*,*,青墨,*,*
あおたけいろ,*,*,*,名詞,一般,色彩語,*,*,*,あおたけいろ,*,*
青竹色,*,*,*,名詞,一般,色彩語,*,*,*,青竹色,*,*
あおに,*,*,*,名詞,一般,色彩語,*,*,*,あおに,*,*
青丹,*,*,*,名詞,一般,色彩語,*,*,*,青丹,*,*
あおにびあおにぶ,*,*,*,名詞,一般,色彩語,*,*,*,あおにびあおにぶ,*,*
青鈍,*,*,*,名詞,一般,色彩語,*,*,*,青鈍,*,*
ブルーグリーン,*,*,*,名詞,一般,色彩語,*,*,*,ブルーグリーン,*,*
blue green,*,*,*,名詞,一般,色彩語,*,*,*,blue green,*,*
青緑,*,*,*,名詞,一般,色彩語,*,*,*,青緑,*,*
パープルブルー,*,*,*,名詞,一般,色彩語,*,*,*,パープルブルー,*,*
purple blue,*,*,*,名詞,一般,色彩語,*,*,*,purple blue,*,*
青紫,*,*,*,名詞,一般,色彩語,*,*,*,青紫,*,*
バイオレット,*,*,*,名詞,一般,色彩語,*,*,*,バイオレット,*,*
あけ,*,*,*,名詞,一般,色彩語,*,*,*,あけ,*,*
赤,*,*,*,名詞,一般,色彩語,*,*,*,赤,*,*
朱,*,*,*,名詞,一般,色彩語,*,*,*,朱,*,*
緋,*,*,*,名詞,一般,色彩語,*,*,*,緋,*,*
レッド,*,*,*,名詞,一般,色彩語,*,*,*,レッド,*,*
あかき,*,*,*,名詞,一般,色彩語,*,*,*,あかき,*,*
赤黄,*,*,*,名詞,一般,色彩語,*,*,*,赤黄,*,*
あかくちば,*,*,*,名詞,一般,色彩語,*,*,*,あかくちば,*,*
赤朽葉,*,*,*,名詞,一般,色彩語,*,*,*,赤朽葉,*,*
あかこう,*,*,*,名詞,一般,色彩語,*,*,*,あかこう,*,*
赤香,*,*,*,名詞,一般,色彩語,*,*,*,赤香,*,*
あかさびいろ,*,*,*,名詞,一般,色彩語,*,*,*,あかさびいろ,*,*
赤錆色,*,*,*,名詞,一般,色彩語,*,*,*,赤錆色,*,*
あかずみ,*,*,*,名詞,一般,色彩語,*,*,*,あかずみ,*,*
赤墨,*,*,*,名詞,一般,色彩語,*,*,*,赤墨,*,*
あかだいだい,*,*,*,名詞,一般,色彩語,*,*,*,あかだいだい,*,*
赤橙,*,*,*,名詞,一般,色彩語,*,*,*,赤橙,*,*
朱色,*,*,*,名詞,一般,色彩語,*,*,*,朱色,*,*
あかちゃ,*,*,*,名詞,一般,色彩語,*,*,*,あかちゃ,*,*
赤茶,*,*,*,名詞,一般,色彩語,*,*,*,赤茶,*,*
あかねいろ,*,*,*,名詞,一般,色彩語,*,*,*,あかねいろ,*,*
茜色,*,*,*,名詞,一般,色彩語,*,*,*,茜色,*,*
レッドパープル,*,*,*,名詞,一般,色彩語,*,*,*,レッドパープル,*,*
red purple,*,*,*,名詞,一般,色彩語,*,*,*,red purple,*,*
赤紫,*,*,*,名詞,一般,色彩語,*,*,*,赤紫,*,*
アクアグリーン,*,*,*,名詞,一般,色彩語,*,*,*,アクアグリーン,*,*
aqua green,*,*,*,名詞,一般,色彩語,*,*,*,aqua green,*,*
ウォーターグリーン,*,*,*,名詞,一般,色彩語,*,*,*,ウォーターグリーン,*,*
みずはなだ,*,*,*,名詞,一般,色彩語,*,*,*,みずはなだ,*,*
水縹,*,*,*,名詞,一般,色彩語,*,*,*,水縹,*,*
水色,*,*,*,名詞,一般,色彩語,*,*,*,水色,*,*
らんりょくしょく,*,*,*,名詞,一般,色彩語,*,*,*,らんりょくしょく,*,*
藍緑色,*,*,*,名詞,一般,色彩語,*,*,*,藍緑色,*,*
アクアマリン,*,*,*,名詞,一般,色彩語,*,*,*,アクアマリン,*,*
あくいろ,*,*,*,名詞,一般,色彩語,*,*,*,あくいろ,*,*
灰汁色,*,*,*,名詞,一般,色彩語,*,*,*,灰汁色,*,*
しののめいろ,*,*,*,名詞,一般,色彩語,*,*,*,しののめいろ,*,*
東雲色,*,*,*,名詞,一般,色彩語,*,*,*,東雲色,*,*
曙色,*,*,*,名詞,一般,色彩語,*,*,*,曙色,*,*
あさき,*,*,*,名詞,一般,色彩語,*,*,*,あさき,*,*
あさぎあさきいろ,*,*,*,名詞,一般,色彩語,*,*,*,あさぎあさきいろ,*,*
あさぎいろ,*,*,*,名詞,一般,色彩語,*,*,*,あさぎいろ,*,*
浅黄,*,*,*,名詞,一般,色彩語,*,*,*,浅黄,*,*
浅黄色,*,*,*,名詞,一般,色彩語,*,*,*,浅黄色,*,*
浅葱,*,*,*,名詞,一般,色彩語,*,*,*,浅葱,*,*
浅葱色,*,*,*,名詞,一般,色彩語,*,*,*,浅葱色,*,*
あさぎ,*,*,*,名詞,一般,色彩語,*,*,*,あさぎ,*,*
あさぎいろ,*,*,*,名詞,一般,色彩語,*,*,*,あさぎいろ,*,*
浅葱,*,*,*,名詞,一般,色彩語,*,*,*,浅葱,*,*
浅葱色,*,*,*,名詞,一般,色彩語,*,*,*,浅葱色,*,*
浅黄,*,*,*,名詞,一般,色彩語,*,*,*,浅黄,*,*
浅黄色,*,*,*,名詞,一般,色彩語,*,*,*,浅黄色,*,*
うすきはなだ,*,*,*,名詞,一般,色彩語,*,*,*,うすきはなだ,*,*
浅縹,*,*,*,名詞,一般,色彩語,*,*,*,浅縹,*,*
あさひ,*,*,*,名詞,一般,色彩語,*,*,*,あさひ,*,*
浅緋,*,*,*,名詞,一般,色彩語,*,*,*,浅緋,*,*
あさみどり,*,*,*,名詞,一般,色彩語,*,*,*,あさみどり,*,*
浅緑,*,*,*,名詞,一般,色彩語,*,*,*,浅緑,*,*
アザレア,*,*,*,名詞,一般,色彩語,*,*,*,アザレア,*,*
azalea,*,*,*,名詞,一般,色彩語,*,*,*,azalea,*,*
躑躅色,*,*,*,名詞,一般,色彩語,*,*,*,躑躅色,*,*
アザレアピンク,*,*,*,名詞,一般,色彩語,*,*,*,アザレアピンク,*,*
azalea pink,*,*,*,名詞,一般,色彩語,*,*,*,azalea pink,*,*
躑躅色,*,*,*,名詞,一般,色彩語,*,*,*,躑躅色,*,*
あずきいろ,*,*,*,名詞,一般,色彩語,*,*,*,あずきいろ,*,*
小豆色,*,*,*,名詞,一般,色彩語,*,*,*,小豆色,*,*
ラセットブラウン,*,*,*,名詞,一般,色彩語,*,*,*,ラセットブラウン,*,*
アッシュグレイ,*,*,*,名詞,一般,色彩語,*,*,*,アッシュグレイ,*,*
アッシュグレー,*,*,*,名詞,一般,色彩語,*,*,*,アッシュグレー,*,*
ash grey,*,*,*,名詞,一般,色彩語,*,*,*,ash grey,*,*
灰色,*,*,*,名詞,一般,色彩語,*,*,*,灰色,*,*
アップルグリーン,*,*,*,名詞,一般,色彩語,*,*,*,アップルグリーン,*,*
apple green,*,*,*,名詞,一般,色彩語,*,*,*,apple green,*,*
あぶらいろ,*,*,*,名詞,一般,色彩語,*,*,*,あぶらいろ,*,*
油色,*,*,*,名詞,一般,色彩語,*,*,*,油色,*,*
アプリコット,*,*,*,名詞,一般,色彩語,*,*,*,アプリコット,*,*
apricot,*,*,*,名詞,一般,色彩語,*,*,*,apricot,*,*
杏色,*,*,*,名詞,一般,色彩語,*,*,*,杏色,*,*
あまいろ,*,*,*,名詞,一般,色彩語,*,*,*,あまいろ,*,*
亜麻色,*,*,*,名詞,一般,色彩語,*,*,*,亜麻色,*,*
エクルベージュ,*,*,*,名詞,一般,色彩語,*,*,*,エクルベージュ,*,*
あまいろあめいろ,*,*,*,名詞,一般,色彩語,*,*,*,あまいろあめいろ,*,*
天色,*,*,*,名詞,一般,色彩語,*,*,*,天色,*,*
空色,*,*,*,名詞,一般,色彩語,*,*,*,空色,*,*
あめいろ,*,*,*,名詞,一般,色彩語,*,*,*,あめいろ,*,*
飴色,*,*,*,名詞,一般,色彩語,*,*,*,飴色,*,*
アメシスト,*,*,*,名詞,一般,色彩語,*,*,*,アメシスト,*,*
アメジスト,*,*,*,名詞,一般,色彩語,*,*,*,アメジスト,*,*
amethyst,*,*,*,名詞,一般,色彩語,*,*,*,amethyst,*,*
あやめいろ,*,*,*,名詞,一般,色彩語,*,*,*,あやめいろ,*,*
菖蒲色,*,*,*,名詞,一般,色彩語,*,*,*,菖蒲色,*,*
あらいがき,*,*,*,名詞,一般,色彩語,*,*,*,あらいがき,*,*
洗柿,*,*,*,名詞,一般,色彩語,*,*,*,洗柿,*,*
あらいしゅ,*,*,*,名詞,一般,色彩語,*,*,*,あらいしゅ,*,*
洗朱,*,*,*,名詞,一般,色彩語,*,*,*,洗朱,*,*
アリスブルー,*,*,*,名詞,一般,色彩語,*,*,*,アリスブルー,*,*
Alice blue,*,*,*,名詞,一般,色彩語,*,*,*,Alice blue,*,*
いんこうしょく,*,*,*,名詞,一般,色彩語,*,*,*,いんこうしょく,*,*
殷紅色,*,*,*,名詞,一般,色彩語,*,*,*,殷紅色,*,*
暗紅色,*,*,*,名詞,一般,色彩語,*,*,*,暗紅色,*,*
あんこくしょく,*,*,*,名詞,一般,色彩語,*,*,*,あんこくしょく,*,*
暗黒色,*,*,*,名詞,一般,色彩語,*,*,*,暗黒色,*,*
あんずいろ,*,*,*,名詞,一般,色彩語,*,*,*,あんずいろ,*,*
杏色,*,*,*,名詞,一般,色彩語,*,*,*,杏色,*,*
杏子色,*,*,*,名詞,一般,色彩語,*,*,*,杏子色,*,*
アプリコット,*,*,*,名詞,一般,色彩語,*,*,*,アプリコット,*,*
アンバー,*,*,*,名詞,一般,色彩語,*,*,*,アンバー,*,*
amber,*,*,*,名詞,一般,色彩語,*,*,*,amber,*,*
琥珀色,*,*,*,名詞,一般,色彩語,*,*,*,琥珀色,*,*
あんりょくしょく,*,*,*,名詞,一般,色彩語,*,*,*,あんりょくしょく,*,*
暗緑色,*,*,*,名詞,一般,色彩語,*,*,*,暗緑色,*,*
ジョンブリアン,*,*,*,名詞,一般,色彩語,*,*,*,ジョンブリアン,*,*
jaune brillant,*,*,*,名詞,一般,色彩語,*,*,*,jaune brillant,*,*
オーカー,*,*,*,名詞,一般,色彩語,*,*,*,オーカー,*,*
ocher,*,*,*,名詞,一般,色彩語,*,*,*,ocher,*,*
黄土色,*,*,*,名詞,一般,色彩語,*,*,*,黄土色,*,*
きみどり,*,*,*,名詞,一般,色彩語,*,*,*,きみどり,*,*
黄緑,*,*,*,名詞,一般,色彩語,*,*,*,黄緑,*,*
イエローグリーン,*,*,*,名詞,一般,色彩語,*,*,*,イエローグリーン,*,*
きあか,*,*,*,名詞,一般,色彩語,*,*,*,きあか,*,*
黄赤,*,*,*,名詞,一般,色彩語,*,*,*,黄赤,*,*
イエローレッド,*,*,*,名詞,一般,色彩語,*,*,*,イエローレッド,*,*
オレンジ,*,*,*,名詞,一般,色彩語,*,*,*,オレンジ,*,*
サルファーイエロー,*,*,*,名詞,一般,色彩語,*,*,*,サルファーイエロー,*,*
sulfur yellow,*,*,*,名詞,一般,色彩語,*,*,*,sulfur yellow,*,*
硫黄色,*,*,*,名詞,一般,色彩語,*,*,*,硫黄色,*,*
やなぎちゃ,*,*,*,名詞,一般,色彩語,*,*,*,やなぎちゃ,*,*
柳茶,*,*,*,名詞,一般,色彩語,*,*,*,柳茶,*,*
威光茶,*,*,*,名詞,一般,色彩語,*,*,*,威光茶,*,*
いちごいろ,*,*,*,名詞,一般,色彩語,*,*,*,いちごいろ,*,*
苺色,*,*,*,名詞,一般,色彩語,*,*,*,苺色,*,*
ストロベリー,*,*,*,名詞,一般,色彩語,*,*,*,ストロベリー,*,*
いっこんぞめ,*,*,*,名詞,一般,色彩語,*,*,*,いっこんぞめ,*,*
いっきんぞめ,*,*,*,名詞,一般,色彩語,*,*,*,いっきんぞめ,*,*
一斤染,*,*,*,名詞,一般,色彩語,*,*,*,一斤染,*,*
いまよう,*,*,*,名詞,一般,色彩語,*,*,*,いまよう,*,*
いまよういろ,*,*,*,名詞,一般,色彩語,*,*,*,いまよういろ,*,*
今様,*,*,*,名詞,一般,色彩語,*,*,*,今様,*,*
今様色,*,*,*,名詞,一般,色彩語,*,*,*,今様色,*,*
インクブルー,*,*,*,名詞,一般,色彩語,*,*,*,インクブルー,*,*
ink blue,*,*,*,名詞,一般,色彩語,*,*,*,ink blue,*,*
インディアンイエロー,*,*,*,名詞,一般,色彩語,*,*,*,インディアンイエロー,*,*
Indian yellow,*,*,*,名詞,一般,色彩語,*,*,*,Indian yellow,*,*
インディアンレッド,*,*,*,名詞,一般,色彩語,*,*,*,インディアンレッド,*,*
インドあか,*,*,*,名詞,一般,色彩語,*,*,*,インドあか,*,*
Indian red,*,*,*,名詞,一般,色彩語,*,*,*,Indian red,*,*
印度赤,*,*,*,名詞,一般,色彩語,*,*,*,印度赤,*,*
インディゴ,*,*,*,名詞,一般,色彩語,*,*,*,インディゴ,*,*
インジゴ,*,*,*,名詞,一般,色彩語,*,*,*,インジゴ,*,*
indigo,*,*,*,名詞,一般,色彩語,*,*,*,indigo,*,*
藍色,*,*,*,名詞,一般,色彩語,*,*,*,藍色,*,*
バーミリオン,*,*,*,名詞,一般,色彩語,*,*,*,バーミリオン,*,*
vermilion,*,*,*,名詞,一般,色彩語,*,*,*,vermilion,*,*
vermillion,*,*,*,名詞,一般,色彩語,*,*,*,vermillion,*,*
銀朱,*,*,*,名詞,一般,色彩語,*,*,*,銀朱,*,*
朱色シナバー,*,*,*,名詞,一般,色彩語,*,*,*,朱色シナバー,*,*
バンダイクブラウン,*,*,*,名詞,一般,色彩語,*,*,*,バンダイクブラウン,*,*
ヴァンダイクブラウン,*,*,*,名詞,一般,色彩語,*,*,*,ヴァンダイクブラウン,*,*
Vandyke brown,*,*,*,名詞,一般,色彩語,*,*,*,Vandyke brown,*,*
Van Dyck brown,*,*,*,名詞,一般,色彩語,*,*,*,Van Dyck brown,*,*
ウィスタリア,*,*,*,名詞,一般,色彩語,*,*,*,ウィスタリア,*,*
ウィステリア,*,*,*,名詞,一般,色彩語,*,*,*,ウィステリア,*,*
wistaria,*,*,*,名詞,一般,色彩語,*,*,*,wistaria,*,*
wisteria,*,*,*,名詞,一般,色彩語,*,*,*,wisteria,*,*
藤色,*,*,*,名詞,一般,色彩語,*,*,*,藤色,*,*
ウォーターグリーン,*,*,*,名詞,一般,色彩語,*,*,*,ウォーターグリーン,*,*
water green,*,*,*,名詞,一般,色彩語,*,*,*,water green,*,*
アクアグリーン,*,*,*,名詞,一般,色彩語,*,*,*,アクアグリーン,*,*
うぐいすいろ,*,*,*,名詞,一般,色彩語,*,*,*,うぐいすいろ,*,*
鶯色,*,*,*,名詞,一般,色彩語,*,*,*,鶯色,*,*
うぐいすちゃ,*,*,*,名詞,一般,色彩語,*,*,*,うぐいすちゃ,*,*
鶯茶,*,*,*,名詞,一般,色彩語,*,*,*,鶯茶,*,*
うこんいろ,*,*,*,名詞,一般,色彩語,*,*,*,うこんいろ,*,*
鬱金色,*,*,*,名詞,一般,色彩語,*,*,*,鬱金色,*,*
うすあい,*,*,*,名詞,一般,色彩語,*,*,*,うすあい,*,*
薄藍,*,*,*,名詞,一般,色彩語,*,*,*,薄藍,*,*
うすあお,*,*,*,名詞,一般,色彩語,*,*,*,うすあお,*,*
薄青,*,*,*,名詞,一般,色彩語,*,*,*,薄青,*,*
うすいろ,*,*,*,名詞,一般,色彩語,*,*,*,うすいろ,*,*
薄色,*,*,*,名詞,一般,色彩語,*,*,*,薄色,*,*
うすいろ,*,*,*,名詞,一般,色彩語,*,*,*,うすいろ,*,*
薄色,*,*,*,名詞,一般,色彩語,*,*,*,薄色,*,*
うすくれない,*,*,*,名詞,一般,色彩語,*,*,*,うすくれない,*,*
薄紅,*,*,*,名詞,一般,色彩語,*,*,*,薄紅,*,*
うすぐんじょう,*,*,*,名詞,一般,色彩語,*,*,*,うすぐんじょう,*,*
薄群青,*,*,*,名詞,一般,色彩語,*,*,*,薄群青,*,*
うすこう,*,*,*,名詞,一般,色彩語,*,*,*,うすこう,*,*
薄香,*,*,*,名詞,一般,色彩語,*,*,*,薄香,*,*
うすこうばい,*,*,*,名詞,一般,色彩語,*,*,*,うすこうばい,*,*
薄紅梅,*,*,*,名詞,一般,色彩語,*,*,*,薄紅梅,*,*
うすずみいろ,*,*,*,名詞,一般,色彩語,*,*,*,うすずみいろ,*,*
薄墨色,*,*,*,名詞,一般,色彩語,*,*,*,薄墨色,*,*
はだいろ,*,*,*,名詞,一般,色彩語,*,*,*,はだいろ,*,*
肌色,*,*,*,名詞,一般,色彩語,*,*,*,肌色,*,*
肉色,*,*,*,名詞,一般,色彩語,*,*,*,肉色,*,*
薄橙,*,*,*,名詞,一般,色彩語,*,*,*,薄橙,*,*
フレッシュジョンブリアン,*,*,*,名詞,一般,色彩語,*,*,*,フレッシュジョンブリアン,*,*
うすたまごいろ,*,*,*,名詞,一般,色彩語,*,*,*,うすたまごいろ,*,*
薄卵色,*,*,*,名詞,一般,色彩語,*,*,*,薄卵色,*,*
ペールブラウン,*,*,*,名詞,一般,色彩語,*,*,*,ペールブラウン,*,*
pale brown,*,*,*,名詞,一般,色彩語,*,*,*,pale brown,*,*
薄茶,*,*,*,名詞,一般,色彩語,*,*,*,薄茶,*,*
うすにびいろ,*,*,*,名詞,一般,色彩語,*,*,*,うすにびいろ,*,*
うすにぶいろ,*,*,*,名詞,一般,色彩語,*,*,*,うすにぶいろ,*,*
薄鈍色,*,*,*,名詞,一般,色彩語,*,*,*,薄鈍色,*,*
うすねず,*,*,*,名詞,一般,色彩語,*,*,*,うすねず,*,*
うすねずみ,*,*,*,名詞,一般,色彩語,*,*,*,うすねずみ,*,*
薄鼠,*,*,*,名詞,一般,色彩語,*,*,*,薄鼠,*,*
うすはないろ,*,*,*,名詞,一般,色彩語,*,*,*,うすはないろ,*,*
薄花色,*,*,*,名詞,一般,色彩語,*,*,*,薄花色,*,*
うすはなざくら,*,*,*,名詞,一般,色彩語,*,*,*,うすはなざくら,*,*
薄花桜,*,*,*,名詞,一般,色彩語,*,*,*,薄花桜,*,*
うすはなだ,*,*,*,名詞,一般,色彩語,*,*,*,うすはなだ,*,*
薄縹,*,*,*,名詞,一般,色彩語,*,*,*,薄縹,*,*
たんりょくしょく,*,*,*,名詞,一般,色彩語,*,*,*,たんりょくしょく,*,*
淡緑色,*,*,*,名詞,一般,色彩語,*,*,*,淡緑色,*,*
薄緑,*,*,*,名詞,一般,色彩語,*,*,*,薄緑,*,*
うつぶしいろ,*,*,*,名詞,一般,色彩語,*,*,*,うつぶしいろ,*,*
空五倍子色,*,*,*,名詞,一般,色彩語,*,*,*,空五倍子色,*,*
うのはないろ,*,*,*,名詞,一般,色彩語,*,*,*,うのはないろ,*,*
卯の花色,*,*,*,名詞,一般,色彩語,*,*,*,卯の花色,*,*
うめぞめ,*,*,*,名詞,一般,色彩語,*,*,*,うめぞめ,*,*
梅染,*,*,*,名詞,一般,色彩語,*,*,*,梅染,*,*
うめねず,*,*,*,名詞,一般,色彩語,*,*,*,うめねず,*,*
梅鼠,*,*,*,名詞,一般,色彩語,*,*,*,梅鼠,*,*
うらばやなぎ,*,*,*,名詞,一般,色彩語,*,*,*,うらばやなぎ,*,*
裏葉柳,*,*,*,名詞,一般,色彩語,*,*,*,裏葉柳,*,*
ラファエル,*,*,*,名詞,一般,色彩語,*,*,*,ラファエル,*,*
Raphael,*,*,*,名詞,一般,色彩語,*,*,*,Raphael,*,*
群青色,*,*,*,名詞,一般,色彩語,*,*,*,群青色,*,*
ウルトラマリン,*,*,*,名詞,一般,色彩語,*,*,*,ウルトラマリン,*,*
うるみしゅ,*,*,*,名詞,一般,色彩語,*,*,*,うるみしゅ,*,*
潤朱,*,*,*,名詞,一般,色彩語,*,*,*,潤朱,*,*
エクリュエクルベージュ,*,*,*,名詞,一般,色彩語,*,*,*,エクリュエクルベージュ,*,*
écruecru beige,*,*,*,名詞,一般,色彩語,*,*,*,écruecru beige,*,*
亜麻色,*,*,*,名詞,一般,色彩語,*,*,*,亜麻色,*,*
生成色,*,*,*,名詞,一般,色彩語,*,*,*,生成色,*,*
えどちゃ,*,*,*,名詞,一般,色彩語,*,*,*,えどちゃ,*,*
江戸茶,*,*,*,名詞,一般,色彩語,*,*,*,江戸茶,*,*
えどむらさき,*,*,*,名詞,一般,色彩語,*,*,*,えどむらさき,*,*
江戸紫,*,*,*,名詞,一般,色彩語,*,*,*,江戸紫,*,*
エバーグリーン,*,*,*,名詞,一般,色彩語,*,*,*,エバーグリーン,*,*
evergreen,*,*,*,名詞,一般,色彩語,*,*,*,evergreen,*,*
常磐色,*,*,*,名詞,一般,色彩語,*,*,*,常磐色,*,*
千歳緑,*,*,*,名詞,一般,色彩語,*,*,*,千歳緑,*,*
ぶどういろ,*,*,*,名詞,一般,色彩語,*,*,*,ぶどういろ,*,*
葡萄色,*,*,*,名詞,一般,色彩語,*,*,*,葡萄色,*,*
えびぞめ,*,*,*,名詞,一般,色彩語,*,*,*,えびぞめ,*,*
葡萄染,*,*,*,名詞,一般,色彩語,*,*,*,葡萄染,*,*
えびちゃ,*,*,*,名詞,一般,色彩語,*,*,*,えびちゃ,*,*
海老茶,*,*,*,名詞,一般,色彩語,*,*,*,海老茶,*,*
葡萄茶,*,*,*,名詞,一般,色彩語,*,*,*,葡萄茶,*,*
エボニー,*,*,*,名詞,一般,色彩語,*,*,*,エボニー,*,*
ebony,*,*,*,名詞,一般,色彩語,*,*,*,ebony,*,*
エメラルドグリーン,*,*,*,名詞,一般,色彩語,*,*,*,エメラルドグリーン,*,*
emerald green,*,*,*,名詞,一般,色彩語,*,*,*,emerald green,*,*
エルムグリーン,*,*,*,名詞,一般,色彩語,*,*,*,エルムグリーン,*,*
elm green,*,*,*,名詞,一般,色彩語,*,*,*,elm green,*,*
えんじ,*,*,*,名詞,一般,色彩語,*,*,*,えんじ,*,*
えんじいろ,*,*,*,名詞,一般,色彩語,*,*,*,えんじいろ,*,*
臙脂,*,*,*,名詞,一般,色彩語,*,*,*,臙脂,*,*
臙脂色,*,*,*,名詞,一般,色彩語,*,*,*,臙脂色,*,*
えんたんいろ,*,*,*,名詞,一般,色彩語,*,*,*,えんたんいろ,*,*
鉛丹色,*,*,*,名詞,一般,色彩語,*,*,*,鉛丹色,*,*
なまがきいろ,*,*,*,名詞,一般,色彩語,*,*,*,なまがきいろ,*,*
生牡蠣色,*,*,*,名詞,一般,色彩語,*,*,*,生牡蠣色,*,*
牡蠣色,*,*,*,名詞,一般,色彩語,*,*,*,牡蠣色,*,*
おいたけいろ,*,*,*,名詞,一般,色彩語,*,*,*,おいたけいろ,*,*
老竹色,*,*,*,名詞,一般,色彩語,*,*,*,老竹色,*,*
バフ,*,*,*,名詞,一般,色彩語,*,*,*,バフ,*,*
buff,*,*,*,名詞,一般,色彩語,*,*,*,buff,*,*
黄褐色,*,*,*,名詞,一般,色彩語,*,*,*,黄褐色,*,*
おうち,*,*,*,名詞,一般,色彩語,*,*,*,おうち,*,*
おうちいろ,*,*,*,名詞,一般,色彩語,*,*,*,おうちいろ,*,*
楝,*,*,*,名詞,一般,色彩語,*,*,*,楝,*,*
樗楝色,*,*,*,名詞,一般,色彩語,*,*,*,樗楝色,*,*
樗色,*,*,*,名詞,一般,色彩語,*,*,*,樗色,*,*
おうどいろ,*,*,*,名詞,一般,色彩語,*,*,*,おうどいろ,*,*
黄土色,*,*,*,名詞,一般,色彩語,*,*,*,黄土色,*,*
イエローオーカー,*,*,*,名詞,一般,色彩語,*,*,*,イエローオーカー,*,*
おうに,*,*,*,名詞,一般,色彩語,*,*,*,おうに,*,*
おうだん,*,*,*,名詞,一般,色彩語,*,*,*,おうだん,*,*
黄丹,*,*,*,名詞,一般,色彩語,*,*,*,黄丹,*,*
オーキッド,*,*,*,名詞,一般,色彩語,*,*,*,オーキッド,*,*
orchid,*,*,*,名詞,一般,色彩語,*,*,*,orchid,*,*
オールドローズ,*,*,*,名詞,一般,色彩語,*,*,*,オールドローズ,*,*
old rose,*,*,*,名詞,一般,色彩語,*,*,*,old rose,*,*
なんどいろ,*,*,*,名詞,一般,色彩語,*,*,*,なんどいろ,*,*
おなんどいろ,*,*,*,名詞,一般,色彩語,*,*,*,おなんどいろ,*,*
納戸色,*,*,*,名詞,一般,色彩語,*,*,*,納戸色,*,*
御納戸色,*,*,*,名詞,一般,色彩語,*,*,*,御納戸色,*,*
なんどちゃ,*,*,*,名詞,一般,色彩語,*,*,*,なんどちゃ,*,*
おなんどちゃ,*,*,*,名詞,一般,色彩語,*,*,*,おなんどちゃ,*,*
なんどねず,*,*,*,名詞,一般,色彩語,*,*,*,なんどねず,*,*
納戸茶,*,*,*,名詞,一般,色彩語,*,*,*,納戸茶,*,*
御納戸茶,*,*,*,名詞,一般,色彩語,*,*,*,御納戸茶,*,*
納戸鼠,*,*,*,名詞,一般,色彩語,*,*,*,納戸鼠,*,*
オパールグリーン,*,*,*,名詞,一般,色彩語,*,*,*,オパールグリーン,*,*
オパールいろ,*,*,*,名詞,一般,色彩語,*,*,*,オパールいろ,*,*
opal green,*,*,*,名詞,一般,色彩語,*,*,*,opal green,*,*
オパール色,*,*,*,名詞,一般,色彩語,*,*,*,オパール色,*,*
オフホワイト,*,*,*,名詞,一般,色彩語,*,*,*,オフホワイト,*,*
off white,*,*,*,名詞,一般,色彩語,*,*,*,off white,*,*
生成色,*,*,*,名詞,一般,色彩語,*,*,*,生成色,*,*
おめしちゃ,*,*,*,名詞,一般,色彩語,*,*,*,おめしちゃ,*,*
御召茶,*,*,*,名詞,一般,色彩語,*,*,*,御召茶,*,*
オリーブ,*,*,*,名詞,一般,色彩語,*,*,*,オリーブ,*,*
オリーブいろ,*,*,*,名詞,一般,色彩語,*,*,*,オリーブいろ,*,*
oliveオリーブ色,*,*,*,名詞,一般,色彩語,*,*,*,oliveオリーブ色,*,*
オリーブグリーン,*,*,*,名詞,一般,色彩語,*,*,*,オリーブグリーン,*,*
olive green,*,*,*,名詞,一般,色彩語,*,*,*,olive green,*,*
オリーブドラブ,*,*,*,名詞,一般,色彩語,*,*,*,オリーブドラブ,*,*
olive drab,*,*,*,名詞,一般,色彩語,*,*,*,olive drab,*,*
OD色,*,*,*,名詞,一般,色彩語,*,*,*,OD色,*,*
チャイナブルー,*,*,*,名詞,一般,色彩語,*,*,*,チャイナブルー,*,*
china blue,*,*,*,名詞,一般,色彩語,*,*,*,china blue,*,*
オリエンタルブルー,*,*,*,名詞,一般,色彩語,*,*,*,オリエンタルブルー,*,*
だいだいいろ,*,*,*,名詞,一般,色彩語,*,*,*,だいだいいろ,*,*
橙色,*,*,*,名詞,一般,色彩語,*,*,*,橙色,*,*
オレンジ,*,*,*,名詞,一般,色彩語,*,*,*,オレンジ,*,*
カーキカーキー,*,*,*,名詞,一般,色彩語,*,*,*,カーキカーキー,*,*
Khaki,*,*,*,名詞,一般,色彩語,*,*,*,Khaki,*,*
黄土色,*,*,*,名詞,一般,色彩語,*,*,*,黄土色,*,*
砂色,*,*,*,名詞,一般,色彩語,*,*,*,砂色,*,*
国防色,*,*,*,名詞,一般,色彩語,*,*,*,国防色,*,*
バフ,*,*,*,名詞,一般,色彩語,*,*,*,バフ,*,*
オリーブドラブ,*,*,*,名詞,一般,色彩語,*,*,*,オリーブドラブ,*,*
カーディナル,*,*,*,名詞,一般,色彩語,*,*,*,カーディナル,*,*
カーディナルレッド,*,*,*,名詞,一般,色彩語,*,*,*,カーディナルレッド,*,*
cardinal,*,*,*,名詞,一般,色彩語,*,*,*,cardinal,*,*
cardinal red,*,*,*,名詞,一般,色彩語,*,*,*,cardinal red,*,*
ガーネット,*,*,*,名詞,一般,色彩語,*,*,*,ガーネット,*,*
garnet,*,*,*,名詞,一般,色彩語,*,*,*,garnet,*,*
カルミン,*,*,*,名詞,一般,色彩語,*,*,*,カルミン,*,*
karmijn,*,*,*,名詞,一般,色彩語,*,*,*,karmijn,*,*
かいはくしょく,*,*,*,名詞,一般,色彩語,*,*,*,かいはくしょく,*,*
灰白色,*,*,*,名詞,一般,色彩語,*,*,*,灰白色,*,*
はいみどり,*,*,*,名詞,一般,色彩語,*,*,*,はいみどり,*,*
灰緑,*,*,*,名詞,一般,色彩語,*,*,*,灰緑,*,*
灰緑色,*,*,*,名詞,一般,色彩語,*,*,*,灰緑色,*,*
シーグリーン,*,*,*,名詞,一般,色彩語,*,*,*,シーグリーン,*,*
sea green,*,*,*,名詞,一般,色彩語,*,*,*,sea green,*,*
かきいろ,*,*,*,名詞,一般,色彩語,*,*,*,かきいろ,*,*
柿色,*,*,*,名詞,一般,色彩語,*,*,*,柿色,*,*
かきちゃ,*,*,*,名詞,一般,色彩語,*,*,*,かきちゃ,*,*
柿茶,*,*,*,名詞,一般,色彩語,*,*,*,柿茶,*,*
かきつばたいろ,*,*,*,名詞,一般,色彩語,*,*,*,かきつばたいろ,*,*
杜若色,*,*,*,名詞,一般,色彩語,*,*,*,杜若色,*,*
燕子花色,*,*,*,名詞,一般,色彩語,*,*,*,燕子花色,*,*
かんぞういろ,*,*,*,名詞,一般,色彩語,*,*,*,かんぞういろ,*,*
かぞういろ,*,*,*,名詞,一般,色彩語,*,*,*,かぞういろ,*,*
萱草色,*,*,*,名詞,一般,色彩語,*,*,*,萱草色,*,*
しかまこん,*,*,*,名詞,一般,色彩語,*,*,*,しかまこん,*,*
飾磨紺,*,*,*,名詞,一般,色彩語,*,*,*,飾磨紺,*,*
褐色（かちいろ）,*,*,*,名詞,一般,色彩語,*,*,*,褐色（かちいろ）,*,*
かちがえし,*,*,*,名詞,一般,色彩語,*,*,*,かちがえし,*,*
褐返し,*,*,*,名詞,一般,色彩語,*,*,*,褐返し,*,*
かっしょく,*,*,*,名詞,一般,色彩語,*,*,*,かっしょく,*,*
褐色,*,*,*,名詞,一般,色彩語,*,*,*,褐色,*,*
茶色,*,*,*,名詞,一般,色彩語,*,*,*,茶色,*,*
ブラウン,*,*,*,名詞,一般,色彩語,*,*,*,ブラウン,*,*
カドミウムイエロー,*,*,*,名詞,一般,色彩語,*,*,*,カドミウムイエロー,*,*
cadmium yellow,*,*,*,名詞,一般,色彩語,*,*,*,cadmium yellow,*,*
カナリーイエロー,*,*,*,名詞,一般,色彩語,*,*,*,カナリーイエロー,*,*
カナリアいろ,*,*,*,名詞,一般,色彩語,*,*,*,カナリアいろ,*,*
canary yellow,*,*,*,名詞,一般,色彩語,*,*,*,canary yellow,*,*
金糸雀色,*,*,*,名詞,一般,色彩語,*,*,*,金糸雀色,*,*
金絲雀色,*,*,*,名詞,一般,色彩語,*,*,*,金絲雀色,*,*
れんがいろ,*,*,*,名詞,一般,色彩語,*,*,*,れんがいろ,*,*
煉瓦色,*,*,*,名詞,一般,色彩語,*,*,*,煉瓦色,*,*
かばちゃ,*,*,*,名詞,一般,色彩語,*,*,*,かばちゃ,*,*
樺茶,*,*,*,名詞,一般,色彩語,*,*,*,樺茶,*,*
蒲茶,*,*,*,名詞,一般,色彩語,*,*,*,蒲茶,*,*
かめのぞき,*,*,*,名詞,一般,色彩語,*,*,*,かめのぞき,*,*
瓶覗,*,*,*,名詞,一般,色彩語,*,*,*,瓶覗,*,*
甕覗,*,*,*,名詞,一般,色彩語,*,*,*,甕覗,*,*
覗色,*,*,*,名詞,一般,色彩語,*,*,*,覗色,*,*
ティールグリーン,*,*,*,名詞,一般,色彩語,*,*,*,ティールグリーン,*,*
teal green,*,*,*,名詞,一般,色彩語,*,*,*,teal green,*,*
鴨の羽色,*,*,*,名詞,一般,色彩語,*,*,*,鴨の羽色,*,*
ティールブルー,*,*,*,名詞,一般,色彩語,*,*,*,ティールブルー,*,*
からくれない,*,*,*,名詞,一般,色彩語,*,*,*,からくれない,*,*
唐紅,*,*,*,名詞,一般,色彩語,*,*,*,唐紅,*,*
韓紅,*,*,*,名詞,一般,色彩語,*,*,*,韓紅,*,*
韓紅花,*,*,*,名詞,一般,色彩語,*,*,*,韓紅花,*,*
紅色,*,*,*,名詞,一般,色彩語,*,*,*,紅色,*,*
からしいろ,*,*,*,名詞,一般,色彩語,*,*,*,からしいろ,*,*
芥子色,*,*,*,名詞,一般,色彩語,*,*,*,芥子色,*,*
辛子色,*,*,*,名詞,一般,色彩語,*,*,*,辛子色,*,*
からすばいろ,*,*,*,名詞,一般,色彩語,*,*,*,からすばいろ,*,*
烏羽色,*,*,*,名詞,一般,色彩語,*,*,*,烏羽色,*,*
濡烏,*,*,*,名詞,一般,色彩語,*,*,*,濡烏,*,*
濡羽色,*,*,*,名詞,一般,色彩語,*,*,*,濡羽色,*,*
からちゃ,*,*,*,名詞,一般,色彩語,*,*,*,からちゃ,*,*
枯茶,*,*,*,名詞,一般,色彩語,*,*,*,枯茶,*,*
唐茶,*,*,*,名詞,一般,色彩語,*,*,*,唐茶,*,*
かりやすいろ,*,*,*,名詞,一般,色彩語,*,*,*,かりやすいろ,*,*
苅安色,*,*,*,名詞,一般,色彩語,*,*,*,苅安色,*,*
かれいろ,*,*,*,名詞,一般,色彩語,*,*,*,かれいろ,*,*
かれくさいろ,*,*,*,名詞,一般,色彩語,*,*,*,かれくさいろ,*,*
枯色,*,*,*,名詞,一般,色彩語,*,*,*,枯色,*,*
枯草色,*,*,*,名詞,一般,色彩語,*,*,*,枯草色,*,*
枯草色,*,*,*,名詞,一般,色彩語,*,*,*,枯草色,*,*
かわいろ,*,*,*,名詞,一般,色彩語,*,*,*,かわいろ,*,*
革色,*,*,*,名詞,一般,色彩語,*,*,*,革色,*,*
かわらけいろ,*,*,*,名詞,一般,色彩語,*,*,*,かわらけいろ,*,*
土器色,*,*,*,名詞,一般,色彩語,*,*,*,土器色,*,*
こうじいろ,*,*,*,名詞,一般,色彩語,*,*,*,こうじいろ,*,*
柑子色,*,*,*,名詞,一般,色彩語,*,*,*,柑子色,*,*
ガンメタルグレイ,*,*,*,名詞,一般,色彩語,*,*,*,ガンメタルグレイ,*,*
ガンメタルグレー,*,*,*,名詞,一般,色彩語,*,*,*,ガンメタルグレー,*,*
gunmetal gray,*,*,*,名詞,一般,色彩語,*,*,*,gunmetal gray,*,*
たんぽぽいろ,*,*,*,名詞,一般,色彩語,*,*,*,たんぽぽいろ,*,*
蒲公英色,*,*,*,名詞,一般,色彩語,*,*,*,蒲公英色,*,*
きがらちゃ,*,*,*,名詞,一般,色彩語,*,*,*,きがらちゃ,*,*
黄枯茶,*,*,*,名詞,一般,色彩語,*,*,*,黄枯茶,*,*
黄唐茶,*,*,*,名詞,一般,色彩語,*,*,*,黄唐茶,*,*
ききょういろ,*,*,*,名詞,一般,色彩語,*,*,*,ききょういろ,*,*
桔梗色,*,*,*,名詞,一般,色彩語,*,*,*,桔梗色,*,*
きくじん,*,*,*,名詞,一般,色彩語,*,*,*,きくじん,*,*
麹塵,*,*,*,名詞,一般,色彩語,*,*,*,麹塵,*,*
山鳩色,*,*,*,名詞,一般,色彩語,*,*,*,山鳩色,*,*
やまぶきいろ,*,*,*,名詞,一般,色彩語,*,*,*,やまぶきいろ,*,*
山吹色,*,*,*,名詞,一般,色彩語,*,*,*,山吹色,*,*
黄金色,*,*,*,名詞,一般,色彩語,*,*,*,黄金色,*,*
きちゃ,*,*,*,名詞,一般,色彩語,*,*,*,きちゃ,*,*
黄茶,*,*,*,名詞,一般,色彩語,*,*,*,黄茶,*,*
きつねいろ,*,*,*,名詞,一般,色彩語,*,*,*,きつねいろ,*,*
狐色,*,*,*,名詞,一般,色彩語,*,*,*,狐色,*,*
きつるばみ,*,*,*,名詞,一般,色彩語,*,*,*,きつるばみ,*,*
黄橡,*,*,*,名詞,一般,色彩語,*,*,*,黄橡,*,*
木蘭,*,*,*,名詞,一般,色彩語,*,*,*,木蘭,*,*
きなりいろ,*,*,*,名詞,一般,色彩語,*,*,*,きなりいろ,*,*
生成色,*,*,*,名詞,一般,色彩語,*,*,*,生成色,*,*
エクルベージュ,*,*,*,名詞,一般,色彩語,*,*,*,エクルベージュ,*,*
シャトルーズイエロー,*,*,*,名詞,一般,色彩語,*,*,*,シャトルーズイエロー,*,*
シャルトルーズイエロー,*,*,*,名詞,一般,色彩語,*,*,*,シャルトルーズイエロー,*,*
chartreuse yellow,*,*,*,名詞,一般,色彩語,*,*,*,chartreuse yellow,*,*
キャメル,*,*,*,名詞,一般,色彩語,*,*,*,キャメル,*,*
camel,*,*,*,名詞,一般,色彩語,*,*,*,camel,*,*
駱駝色,*,*,*,名詞,一般,色彩語,*,*,*,駱駝色,*,*
きゃらいろ,*,*,*,名詞,一般,色彩語,*,*,*,きゃらいろ,*,*
伽羅色,*,*,*,名詞,一般,色彩語,*,*,*,伽羅色,*,*
キャロットオレンジ,*,*,*,名詞,一般,色彩語,*,*,*,キャロットオレンジ,*,*
carrot orange,*,*,*,名詞,一般,色彩語,*,*,*,carrot orange,*,*
人参色,*,*,*,名詞,一般,色彩語,*,*,*,人参色,*,*
きょうむらさき,*,*,*,名詞,一般,色彩語,*,*,*,きょうむらさき,*,*
京紫,*,*,*,名詞,一般,色彩語,*,*,*,京紫,*,*
ブロンズレッド,*,*,*,名詞,一般,色彩語,*,*,*,ブロンズレッド,*,*
bronze red,*,*,*,名詞,一般,色彩語,*,*,*,bronze red,*,*
金赤,*,*,*,名詞,一般,色彩語,*,*,*,金赤,*,*
シルバーグレイ,*,*,*,名詞,一般,色彩語,*,*,*,シルバーグレイ,*,*
シルバーグレー,*,*,*,名詞,一般,色彩語,*,*,*,シルバーグレー,*,*
silver gray,*,*,*,名詞,一般,色彩語,*,*,*,silver gray,*,*
銀灰色,*,*,*,名詞,一般,色彩語,*,*,*,銀灰色,*,*
銀鼠,*,*,*,名詞,一般,色彩語,*,*,*,銀鼠,*,*
きんちゃ,*,*,*,名詞,一般,色彩語,*,*,*,きんちゃ,*,*
金茶,*,*,*,名詞,一般,色彩語,*,*,*,金茶,*,*
グラスグリーン,*,*,*,名詞,一般,色彩語,*,*,*,グラスグリーン,*,*
grass green,*,*,*,名詞,一般,色彩語,*,*,*,grass green,*,*
草色,*,*,*,名詞,一般,色彩語,*,*,*,草色,*,*
メイズ,*,*,*,名詞,一般,色彩語,*,*,*,メイズ,*,*
maize,*,*,*,名詞,一般,色彩語,*,*,*,maize,*,*
くちばくちばいろ,*,*,*,名詞,一般,色彩語,*,*,*,くちばくちばいろ,*,*
朽葉朽葉色,*,*,*,名詞,一般,色彩語,*,*,*,朽葉朽葉色,*,*
クリームいろ,*,*,*,名詞,一般,色彩語,*,*,*,クリームいろ,*,*
cream yellow,*,*,*,名詞,一般,色彩語,*,*,*,cream yellow,*,*
クリーム色,*,*,*,名詞,一般,色彩語,*,*,*,クリーム色,*,*
くりいろ,*,*,*,名詞,一般,色彩語,*,*,*,くりいろ,*,*
栗色,*,*,*,名詞,一般,色彩語,*,*,*,栗色,*,*
チェスナットブラウン,*,*,*,名詞,一般,色彩語,*,*,*,チェスナットブラウン,*,*
マルーン,*,*,*,名詞,一般,色彩語,*,*,*,マルーン,*,*
くりいろ,*,*,*,名詞,一般,色彩語,*,*,*,くりいろ,*,*
涅色,*,*,*,名詞,一般,色彩語,*,*,*,涅色,*,*
グリーン,*,*,*,名詞,一般,色彩語,*,*,*,グリーン,*,*
グリン,*,*,*,名詞,一般,色彩語,*,*,*,グリン,*,*
green,*,*,*,名詞,一般,色彩語,*,*,*,green,*,*
緑,*,*,*,名詞,一般,色彩語,*,*,*,緑,*,*
くりうめ,*,*,*,名詞,一般,色彩語,*,*,*,くりうめ,*,*
栗梅,*,*,*,名詞,一般,色彩語,*,*,*,栗梅,*,*
クリムゾン,*,*,*,名詞,一般,色彩語,*,*,*,クリムゾン,*,*
クリムソン,*,*,*,名詞,一般,色彩語,*,*,*,クリムソン,*,*
crimson,*,*,*,名詞,一般,色彩語,*,*,*,crimson,*,*
くるみいろ,*,*,*,名詞,一般,色彩語,*,*,*,くるみいろ,*,*
胡桃色,*,*,*,名詞,一般,色彩語,*,*,*,胡桃色,*,*
グレイ,*,*,*,名詞,一般,色彩語,*,*,*,グレイ,*,*
グレー,*,*,*,名詞,一般,色彩語,*,*,*,グレー,*,*
gray,*,*,*,名詞,一般,色彩語,*,*,*,gray,*,*
灰色,*,*,*,名詞,一般,色彩語,*,*,*,灰色,*,*
鼠色,*,*,*,名詞,一般,色彩語,*,*,*,鼠色,*,*
べにいろ,*,*,*,名詞,一般,色彩語,*,*,*,べにいろ,*,*
紅色,*,*,*,名詞,一般,色彩語,*,*,*,紅色,*,*
唐紅（韓紅,*,*,*,名詞,一般,色彩語,*,*,*,唐紅（韓紅,*,*
韓紅花）,*,*,*,名詞,一般,色彩語,*,*,*,韓紅花）,*,*
くろ,*,*,*,名詞,一般,色彩語,*,*,*,くろ,*,*
黒,*,*,*,名詞,一般,色彩語,*,*,*,黒,*,*
ブラック,*,*,*,名詞,一般,色彩語,*,*,*,ブラック,*,*
てついろ,*,*,*,名詞,一般,色彩語,*,*,*,てついろ,*,*
くろがねいろ,*,*,*,名詞,一般,色彩語,*,*,*,くろがねいろ,*,*
鉄色,*,*,*,名詞,一般,色彩語,*,*,*,鉄色,*,*
くろちゃ,*,*,*,名詞,一般,色彩語,*,*,*,くろちゃ,*,*
黒茶,*,*,*,名詞,一般,色彩語,*,*,*,黒茶,*,*
クロッカス,*,*,*,名詞,一般,色彩語,*,*,*,クロッカス,*,*
crocus,*,*,*,名詞,一般,色彩語,*,*,*,crocus,*,*
くろつるばみ,*,*,*,名詞,一般,色彩語,*,*,*,くろつるばみ,*,*
黒橡,*,*,*,名詞,一般,色彩語,*,*,*,黒橡,*,*
クロムイエロー,*,*,*,名詞,一般,色彩語,*,*,*,クロムイエロー,*,*
クロームイエロー,*,*,*,名詞,一般,色彩語,*,*,*,クロームイエロー,*,*
chrome yellow,*,*,*,名詞,一般,色彩語,*,*,*,chrome yellow,*,*
クロムグリーン,*,*,*,名詞,一般,色彩語,*,*,*,クロムグリーン,*,*
クロームグリーン,*,*,*,名詞,一般,色彩語,*,*,*,クロームグリーン,*,*
chrome green,*,*,*,名詞,一般,色彩語,*,*,*,chrome green,*,*
くわぞめ,*,*,*,名詞,一般,色彩語,*,*,*,くわぞめ,*,*
桑染,*,*,*,名詞,一般,色彩語,*,*,*,桑染,*,*
くわちゃ,*,*,*,名詞,一般,色彩語,*,*,*,くわちゃ,*,*
桑茶,*,*,*,名詞,一般,色彩語,*,*,*,桑茶,*,*
けしずみいろ,*,*,*,名詞,一般,色彩語,*,*,*,けしずみいろ,*,*
消炭色,*,*,*,名詞,一般,色彩語,*,*,*,消炭色,*,*
チャコールグレー,*,*,*,名詞,一般,色彩語,*,*,*,チャコールグレー,*,*
めっし,*,*,*,名詞,一般,色彩語,*,*,*,めっし,*,*
滅紫,*,*,*,名詞,一般,色彩語,*,*,*,滅紫,*,*
けんぽういろ,*,*,*,名詞,一般,色彩語,*,*,*,けんぽういろ,*,*
憲法色,*,*,*,名詞,一般,色彩語,*,*,*,憲法色,*,*
こいあい,*,*,*,名詞,一般,色彩語,*,*,*,こいあい,*,*
こあい,*,*,*,名詞,一般,色彩語,*,*,*,こあい,*,*
濃藍,*,*,*,名詞,一般,色彩語,*,*,*,濃藍,*,*
こいあかむらさき,*,*,*,名詞,一般,色彩語,*,*,*,こいあかむらさき,*,*
濃赤紫,*,*,*,名詞,一般,色彩語,*,*,*,濃赤紫,*,*
こねずこねずみ,*,*,*,名詞,一般,色彩語,*,*,*,こねずこねずみ,*,*
濃鼠,*,*,*,名詞,一般,色彩語,*,*,*,濃鼠,*,*
こういろ,*,*,*,名詞,一般,色彩語,*,*,*,こういろ,*,*
香色,*,*,*,名詞,一般,色彩語,*,*,*,香色,*,*
こうし,*,*,*,名詞,一般,色彩語,*,*,*,こうし,*,*
紅紫,*,*,*,名詞,一般,色彩語,*,*,*,紅紫,*,*
マゼンタ,*,*,*,名詞,一般,色彩語,*,*,*,マゼンタ,*,*
マジェンタ,*,*,*,名詞,一般,色彩語,*,*,*,マジェンタ,*,*
magenta,*,*,*,名詞,一般,色彩語,*,*,*,magenta,*,*
フクシャ,*,*,*,名詞,一般,色彩語,*,*,*,フクシャ,*,*
こうばいいろ,*,*,*,名詞,一般,色彩語,*,*,*,こうばいいろ,*,*
紅梅色,*,*,*,名詞,一般,色彩語,*,*,*,紅梅色,*,*
こうろぜん,*,*,*,名詞,一般,色彩語,*,*,*,こうろぜん,*,*
黄櫨染,*,*,*,名詞,一般,色彩語,*,*,*,黄櫨染,*,*
コーヒーブラウン,*,*,*,名詞,一般,色彩語,*,*,*,コーヒーブラウン,*,*
coffee brown,*,*,*,名詞,一般,色彩語,*,*,*,coffee brown,*,*
さんごいろ,*,*,*,名詞,一般,色彩語,*,*,*,さんごいろ,*,*
珊瑚色,*,*,*,名詞,一般,色彩語,*,*,*,珊瑚色,*,*
コーラルレッド,*,*,*,名詞,一般,色彩語,*,*,*,コーラルレッド,*,*
ゴールデンイエロー,*,*,*,名詞,一般,色彩語,*,*,*,ゴールデンイエロー,*,*
golden yellow,*,*,*,名詞,一般,色彩語,*,*,*,golden yellow,*,*
黄橙,*,*,*,名詞,一般,色彩語,*,*,*,黄橙,*,*
ゴールデンオリーブ,*,*,*,名詞,一般,色彩語,*,*,*,ゴールデンオリーブ,*,*
golden olive,*,*,*,名詞,一般,色彩語,*,*,*,golden olive,*,*
コーンフラワーブルー,*,*,*,名詞,一般,色彩語,*,*,*,コーンフラワーブルー,*,*
cornflower blue,*,*,*,名詞,一般,色彩語,*,*,*,cornflower blue,*,*
こがれこう,*,*,*,名詞,一般,色彩語,*,*,*,こがれこう,*,*
焦香,*,*,*,名詞,一般,色彩語,*,*,*,焦香,*,*
こきいろ,*,*,*,名詞,一般,色彩語,*,*,*,こきいろ,*,*
濃色,*,*,*,名詞,一般,色彩語,*,*,*,濃色,*,*
ふかきはなだ,*,*,*,名詞,一般,色彩語,*,*,*,ふかきはなだ,*,*
深縹,*,*,*,名詞,一般,色彩語,*,*,*,深縹,*,*
こきひ,*,*,*,名詞,一般,色彩語,*,*,*,こきひ,*,*
深緋,*,*,*,名詞,一般,色彩語,*,*,*,深緋,*,*
こくぼうしょく,*,*,*,名詞,一般,色彩語,*,*,*,こくぼうしょく,*,*
国防色,*,*,*,名詞,一般,色彩語,*,*,*,国防色,*,*
カーキー,*,*,*,名詞,一般,色彩語,*,*,*,カーキー,*,*
こけいろ,*,*,*,名詞,一般,色彩語,*,*,*,こけいろ,*,*
苔色,*,*,*,名詞,一般,色彩語,*,*,*,苔色,*,*
モスグリーン,*,*,*,名詞,一般,色彩語,*,*,*,モスグリーン,*,*
こげちゃ,*,*,*,名詞,一般,色彩語,*,*,*,こげちゃ,*,*
焦茶,*,*,*,名詞,一般,色彩語,*,*,*,焦茶,*,*
ココアブラウン,*,*,*,名詞,一般,色彩語,*,*,*,ココアブラウン,*,*
cocoa brown,*,*,*,名詞,一般,色彩語,*,*,*,cocoa brown,*,*
こだいむらさき,*,*,*,名詞,一般,色彩語,*,*,*,こだいむらさき,*,*
古代紫,*,*,*,名詞,一般,色彩語,*,*,*,古代紫,*,*
ようこうようべに,*,*,*,名詞,一般,色彩語,*,*,*,ようこうようべに,*,*
洋紅,*,*,*,名詞,一般,色彩語,*,*,*,洋紅,*,*
カーマイン,*,*,*,名詞,一般,色彩語,*,*,*,カーマイン,*,*
コチニールレッド,*,*,*,名詞,一般,色彩語,*,*,*,コチニールレッド,*,*
こはくいろ,*,*,*,名詞,一般,色彩語,*,*,*,こはくいろ,*,*
琥珀色,*,*,*,名詞,一般,色彩語,*,*,*,琥珀色,*,*
アンバー,*,*,*,名詞,一般,色彩語,*,*,*,アンバー,*,*
コバルトグリーン,*,*,*,名詞,一般,色彩語,*,*,*,コバルトグリーン,*,*
cobalt green,*,*,*,名詞,一般,色彩語,*,*,*,cobalt green,*,*
コバルトブルー,*,*,*,名詞,一般,色彩語,*,*,*,コバルトブルー,*,*
コバルトいろ,*,*,*,名詞,一般,色彩語,*,*,*,コバルトいろ,*,*
cobalt blue,*,*,*,名詞,一般,色彩語,*,*,*,cobalt blue,*,*
コバルト色,*,*,*,名詞,一般,色彩語,*,*,*,コバルト色,*,*
こびちゃ,*,*,*,名詞,一般,色彩語,*,*,*,こびちゃ,*,*
媚茶,*,*,*,名詞,一般,色彩語,*,*,*,媚茶,*,*
ごふんいろ,*,*,*,名詞,一般,色彩語,*,*,*,ごふんいろ,*,*
胡粉色,*,*,*,名詞,一般,色彩語,*,*,*,胡粉色,*,*
こむぎいろ,*,*,*,名詞,一般,色彩語,*,*,*,こむぎいろ,*,*
小麦色,*,*,*,名詞,一般,色彩語,*,*,*,小麦色,*,*
しかんちゃ,*,*,*,名詞,一般,色彩語,*,*,*,しかんちゃ,*,*
芝翫茶,*,*,*,名詞,一般,色彩語,*,*,*,芝翫茶,*,*
こんあい,*,*,*,名詞,一般,色彩語,*,*,*,こんあい,*,*
紺藍,*,*,*,名詞,一般,色彩語,*,*,*,紺藍,*,*
こんいろ,*,*,*,名詞,一般,色彩語,*,*,*,こんいろ,*,*
紺色,*,*,*,名詞,一般,色彩語,*,*,*,紺色,*,*
こんじょう,*,*,*,名詞,一般,色彩語,*,*,*,こんじょう,*,*
紺青,*,*,*,名詞,一般,色彩語,*,*,*,紺青,*,*
金青,*,*,*,名詞,一般,色彩語,*,*,*,金青,*,*
てつこん,*,*,*,名詞,一般,色彩語,*,*,*,てつこん,*,*
鉄紺,*,*,*,名詞,一般,色彩語,*,*,*,鉄紺,*,*
紺鉄,*,*,*,名詞,一般,色彩語,*,*,*,紺鉄,*,*
しんばしいろ,*,*,*,名詞,一般,色彩語,*,*,*,しんばしいろ,*,*
新橋色,*,*,*,名詞,一般,色彩語,*,*,*,新橋色,*,*
金春色,*,*,*,名詞,一般,色彩語,*,*,*,金春色,*,*
るりこん,*,*,*,名詞,一般,色彩語,*,*,*,るりこん,*,*
瑠璃紺,*,*,*,名詞,一般,色彩語,*,*,*,瑠璃紺,*,*
紺瑠璃,*,*,*,名詞,一般,色彩語,*,*,*,紺瑠璃,*,*
サーモンピンク,*,*,*,名詞,一般,色彩語,*,*,*,サーモンピンク,*,*
salmon pink,*,*,*,名詞,一般,色彩語,*,*,*,salmon pink,*,*
さくらいろ,*,*,*,名詞,一般,色彩語,*,*,*,さくらいろ,*,*
桜色,*,*,*,名詞,一般,色彩語,*,*,*,桜色,*,*
サックスブルー,*,*,*,名詞,一般,色彩語,*,*,*,サックスブルー,*,*
サクソニーブルー,*,*,*,名詞,一般,色彩語,*,*,*,サクソニーブルー,*,*
saxe blue,*,*,*,名詞,一般,色彩語,*,*,*,saxe blue,*,*
Saxony blue,*,*,*,名詞,一般,色彩語,*,*,*,Saxony blue,*,*
さびあさぎ,*,*,*,名詞,一般,色彩語,*,*,*,さびあさぎ,*,*
錆浅葱,*,*,*,名詞,一般,色彩語,*,*,*,錆浅葱,*,*
てつさびいろ,*,*,*,名詞,一般,色彩語,*,*,*,てつさびいろ,*,*
鉄錆色,*,*,*,名詞,一般,色彩語,*,*,*,鉄錆色,*,*
さびねず,*,*,*,名詞,一般,色彩語,*,*,*,さびねず,*,*
錆鼠,*,*,*,名詞,一般,色彩語,*,*,*,錆鼠,*,*
サファイアブルー,*,*,*,名詞,一般,色彩語,*,*,*,サファイアブルー,*,*
サファイアいろ,*,*,*,名詞,一般,色彩語,*,*,*,サファイアいろ,*,*
sapphire blue,*,*,*,名詞,一般,色彩語,*,*,*,sapphire blue,*,*
サファイア色,*,*,*,名詞,一般,色彩語,*,*,*,サファイア色,*,*
サフランイエロー,*,*,*,名詞,一般,色彩語,*,*,*,サフランイエロー,*,*
サフランいろ,*,*,*,名詞,一般,色彩語,*,*,*,サフランいろ,*,*
saffron yellow,*,*,*,名詞,一般,色彩語,*,*,*,saffron yellow,*,*
サフラン色,*,*,*,名詞,一般,色彩語,*,*,*,サフラン色,*,*
サフランいろ,*,*,*,名詞,一般,色彩語,*,*,*,サフランいろ,*,*
サフラン色,*,*,*,名詞,一般,色彩語,*,*,*,サフラン色,*,*
すないろ,*,*,*,名詞,一般,色彩語,*,*,*,すないろ,*,*
砂色,*,*,*,名詞,一般,色彩語,*,*,*,砂色,*,*
サンドベージュ,*,*,*,名詞,一般,色彩語,*,*,*,サンドベージュ,*,*
らんししょく,*,*,*,名詞,一般,色彩語,*,*,*,らんししょく,*,*
藍紫色,*,*,*,名詞,一般,色彩語,*,*,*,藍紫色,*,*
シアン,*,*,*,名詞,一般,色彩語,*,*,*,シアン,*,*
シーブルー,*,*,*,名詞,一般,色彩語,*,*,*,シーブルー,*,*
sea blue,*,*,*,名詞,一般,色彩語,*,*,*,sea blue,*,*
ひすいいろ,*,*,*,名詞,一般,色彩語,*,*,*,ひすいいろ,*,*
翡翠色,*,*,*,名詞,一般,色彩語,*,*,*,翡翠色,*,*
ジェードグリーン,*,*,*,名詞,一般,色彩語,*,*,*,ジェードグリーン,*,*
シェルピンク,*,*,*,名詞,一般,色彩語,*,*,*,シェルピンク,*,*
shell pink,*,*,*,名詞,一般,色彩語,*,*,*,shell pink,*,*
とうおう,*,*,*,名詞,一般,色彩語,*,*,*,とうおう,*,*
藤黄,*,*,*,名詞,一般,色彩語,*,*,*,藤黄,*,*
雌黄,*,*,*,名詞,一般,色彩語,*,*,*,雌黄,*,*
しおんいろ,*,*,*,名詞,一般,色彩語,*,*,*,しおんいろ,*,*
紫苑色,*,*,*,名詞,一般,色彩語,*,*,*,紫苑色,*,*
しがらきりきゅう,*,*,*,名詞,一般,色彩語,*,*,*,しがらきりきゅう,*,*
信楽利休,*,*,*,名詞,一般,色彩語,*,*,*,信楽利休,*,*
シグナルレッド,*,*,*,名詞,一般,色彩語,*,*,*,シグナルレッド,*,*
signal red,*,*,*,名詞,一般,色彩語,*,*,*,signal red,*,*
シクラメンピンク,*,*,*,名詞,一般,色彩語,*,*,*,シクラメンピンク,*,*
cyclamen pink,*,*,*,名詞,一般,色彩語,*,*,*,cyclamen pink,*,*
しこくしょく,*,*,*,名詞,一般,色彩語,*,*,*,しこくしょく,*,*
紫黒色,*,*,*,名詞,一般,色彩語,*,*,*,紫黒色,*,*
ししいろ,*,*,*,名詞,一般,色彩語,*,*,*,ししいろ,*,*
宍色,*,*,*,名詞,一般,色彩語,*,*,*,宍色,*,*
肉色,*,*,*,名詞,一般,色彩語,*,*,*,肉色,*,*
肌色,*,*,*,名詞,一般,色彩語,*,*,*,肌色,*,*
ペールオレンジ,*,*,*,名詞,一般,色彩語,*,*,*,ペールオレンジ,*,*
しっこく,*,*,*,名詞,一般,色彩語,*,*,*,しっこく,*,*
漆黒,*,*,*,名詞,一般,色彩語,*,*,*,漆黒,*,*
シナバー,*,*,*,名詞,一般,色彩語,*,*,*,シナバー,*,*
cinnabar,*,*,*,名詞,一般,色彩語,*,*,*,cinnabar,*,*
朱色,*,*,*,名詞,一般,色彩語,*,*,*,朱色,*,*
バーミリオン,*,*,*,名詞,一般,色彩語,*,*,*,バーミリオン,*,*
シナモン,*,*,*,名詞,一般,色彩語,*,*,*,シナモン,*,*
cinnamon,*,*,*,名詞,一般,色彩語,*,*,*,cinnamon,*,*
肉桂色,*,*,*,名詞,一般,色彩語,*,*,*,肉桂色,*,*
しゃくどういろ,*,*,*,名詞,一般,色彩語,*,*,*,しゃくどういろ,*,*
赤銅色,*,*,*,名詞,一般,色彩語,*,*,*,赤銅色,*,*
ジャスミン,*,*,*,名詞,一般,色彩語,*,*,*,ジャスミン,*,*
jasmine,*,*,*,名詞,一般,色彩語,*,*,*,jasmine,*,*
チャートリュース,*,*,*,名詞,一般,色彩語,*,*,*,チャートリュース,*,*
chartreuse,*,*,*,名詞,一般,色彩語,*,*,*,chartreuse,*,*
シャンパン,*,*,*,名詞,一般,色彩語,*,*,*,シャンパン,*,*
champagne,*,*,*,名詞,一般,色彩語,*,*,*,champagne,*,*
ほんしゅ,*,*,*,名詞,一般,色彩語,*,*,*,ほんしゅ,*,*
本朱,*,*,*,名詞,一般,色彩語,*,*,*,本朱,*,*
真朱,*,*,*,名詞,一般,色彩語,*,*,*,真朱,*,*
朱色,*,*,*,名詞,一般,色彩語,*,*,*,朱色,*,*
シュリンプピンク,*,*,*,名詞,一般,色彩語,*,*,*,シュリンプピンク,*,*
shrimp pink,*,*,*,名詞,一般,色彩語,*,*,*,shrimp pink,*,*
しょうじょうひ,*,*,*,名詞,一般,色彩語,*,*,*,しょうじょうひ,*,*
猩々緋,*,*,*,名詞,一般,色彩語,*,*,*,猩々緋,*,*
ばらいろ,*,*,*,名詞,一般,色彩語,*,*,*,ばらいろ,*,*
そうびいろ,*,*,*,名詞,一般,色彩語,*,*,*,そうびいろ,*,*
薔薇色,*,*,*,名詞,一般,色彩語,*,*,*,薔薇色,*,*
ローズ,*,*,*,名詞,一般,色彩語,*,*,*,ローズ,*,*
しょうぶいろ,*,*,*,名詞,一般,色彩語,*,*,*,しょうぶいろ,*,*
菖蒲色,*,*,*,名詞,一般,色彩語,*,*,*,菖蒲色,*,*
しろ,*,*,*,名詞,一般,色彩語,*,*,*,しろ,*,*
白,*,*,*,名詞,一般,色彩語,*,*,*,白,*,*
ホワイト,*,*,*,名詞,一般,色彩語,*,*,*,ホワイト,*,*
しろはなだ,*,*,*,名詞,一般,色彩語,*,*,*,しろはなだ,*,*
しろきはなだ,*,*,*,名詞,一般,色彩語,*,*,*,しろきはなだ,*,*
白縹,*,*,*,名詞,一般,色彩語,*,*,*,白縹,*,*
しんく,*,*,*,名詞,一般,色彩語,*,*,*,しんく,*,*
しんこう,*,*,*,名詞,一般,色彩語,*,*,*,しんこう,*,*
真紅,*,*,*,名詞,一般,色彩語,*,*,*,真紅,*,*
深紅,*,*,*,名詞,一般,色彩語,*,*,*,深紅,*,*
パールホワイト,*,*,*,名詞,一般,色彩語,*,*,*,パールホワイト,*,*
pearl white,*,*,*,名詞,一般,色彩語,*,*,*,pearl white,*,*
ふかみどり,*,*,*,名詞,一般,色彩語,*,*,*,ふかみどり,*,*
深緑,*,*,*,名詞,一般,色彩語,*,*,*,深緑,*,*
すおう,*,*,*,名詞,一般,色彩語,*,*,*,すおう,*,*
蘇芳,*,*,*,名詞,一般,色彩語,*,*,*,蘇芳,*,*
蘇方,*,*,*,名詞,一般,色彩語,*,*,*,蘇方,*,*
蘇枋,*,*,*,名詞,一般,色彩語,*,*,*,蘇枋,*,*
スカーレット,*,*,*,名詞,一般,色彩語,*,*,*,スカーレット,*,*
scarlet,*,*,*,名詞,一般,色彩語,*,*,*,scarlet,*,*
緋色,*,*,*,名詞,一般,色彩語,*,*,*,緋色,*,*
スカイグレイ,*,*,*,名詞,一般,色彩語,*,*,*,スカイグレイ,*,*
スカイグレー,*,*,*,名詞,一般,色彩語,*,*,*,スカイグレー,*,*
sky gray,*,*,*,名詞,一般,色彩語,*,*,*,sky gray,*,*
そらいろ,*,*,*,名詞,一般,色彩語,*,*,*,そらいろ,*,*
空色,*,*,*,名詞,一般,色彩語,*,*,*,空色,*,*
天色,*,*,*,名詞,一般,色彩語,*,*,*,天色,*,*
スカイブルー,*,*,*,名詞,一般,色彩語,*,*,*,スカイブルー,*,*
すすたけいろ,*,*,*,名詞,一般,色彩語,*,*,*,すすたけいろ,*,*
煤竹色,*,*,*,名詞,一般,色彩語,*,*,*,煤竹色,*,*
はがねいろ,*,*,*,名詞,一般,色彩語,*,*,*,はがねいろ,*,*
鋼色,*,*,*,名詞,一般,色彩語,*,*,*,鋼色,*,*
スチールグレー,*,*,*,名詞,一般,色彩語,*,*,*,スチールグレー,*,*
スチールブルー,*,*,*,名詞,一般,色彩語,*,*,*,スチールブルー,*,*
steel blue,*,*,*,名詞,一般,色彩語,*,*,*,steel blue,*,*
ストロー,*,*,*,名詞,一般,色彩語,*,*,*,ストロー,*,*
ストローイエロー,*,*,*,名詞,一般,色彩語,*,*,*,ストローイエロー,*,*
straw,*,*,*,名詞,一般,色彩語,*,*,*,straw,*,*
straw yellow,*,*,*,名詞,一般,色彩語,*,*,*,straw yellow,*,*
ストロベリー,*,*,*,名詞,一般,色彩語,*,*,*,ストロベリー,*,*
strawberry,*,*,*,名詞,一般,色彩語,*,*,*,strawberry,*,*
苺色,*,*,*,名詞,一般,色彩語,*,*,*,苺色,*,*
スノーホワイト,*,*,*,名詞,一般,色彩語,*,*,*,スノーホワイト,*,*
snow white,*,*,*,名詞,一般,色彩語,*,*,*,snow white,*,*
スプルース,*,*,*,名詞,一般,色彩語,*,*,*,スプルース,*,*
spruce,*,*,*,名詞,一般,色彩語,*,*,*,spruce,*,*
スプレイグリーン,*,*,*,名詞,一般,色彩語,*,*,*,スプレイグリーン,*,*
spray green,*,*,*,名詞,一般,色彩語,*,*,*,spray green,*,*
はなこんじょう,*,*,*,名詞,一般,色彩語,*,*,*,はなこんじょう,*,*
花紺青,*,*,*,名詞,一般,色彩語,*,*,*,花紺青,*,*
スマルト,*,*,*,名詞,一般,色彩語,*,*,*,スマルト,*,*
すみれいろ,*,*,*,名詞,一般,色彩語,*,*,*,すみれいろ,*,*
菫色,*,*,*,名詞,一般,色彩語,*,*,*,菫色,*,*
バイオレット,*,*,*,名詞,一般,色彩語,*,*,*,バイオレット,*,*
せきばんいろ,*,*,*,名詞,一般,色彩語,*,*,*,せきばんいろ,*,*
石板色,*,*,*,名詞,一般,色彩語,*,*,*,石板色,*,*
石盤色,*,*,*,名詞,一般,色彩語,*,*,*,石盤色,*,*
スレートグレー,*,*,*,名詞,一般,色彩語,*,*,*,スレートグレー,*,*
せいじいろ,*,*,*,名詞,一般,色彩語,*,*,*,せいじいろ,*,*
青磁色,*,*,*,名詞,一般,色彩語,*,*,*,青磁色,*,*
青瓷色,*,*,*,名詞,一般,色彩語,*,*,*,青瓷色,*,*
セラドン,*,*,*,名詞,一般,色彩語,*,*,*,セラドン,*,*
秘色,*,*,*,名詞,一般,色彩語,*,*,*,秘色,*,*
ブロンズ,*,*,*,名詞,一般,色彩語,*,*,*,ブロンズ,*,*
bronze,*,*,*,名詞,一般,色彩語,*,*,*,bronze,*,*
青銅色,*,*,*,名詞,一般,色彩語,*,*,*,青銅色,*,*
せいらん,*,*,*,名詞,一般,色彩語,*,*,*,せいらん,*,*
青藍,*,*,*,名詞,一般,色彩語,*,*,*,青藍,*,*
セージグリーン,*,*,*,名詞,一般,色彩語,*,*,*,セージグリーン,*,*
sage green,*,*,*,名詞,一般,色彩語,*,*,*,sage green,*,*
せきかっしょく,*,*,*,名詞,一般,色彩語,*,*,*,せきかっしょく,*,*
せっかっしょく,*,*,*,名詞,一般,色彩語,*,*,*,せっかっしょく,*,*
赤褐色,*,*,*,名詞,一般,色彩語,*,*,*,赤褐色,*,*
チャイニーズピンク,*,*,*,名詞,一般,色彩語,*,*,*,チャイニーズピンク,*,*
Chinese pink,*,*,*,名詞,一般,色彩語,*,*,*,Chinese pink,*,*
石竹色,*,*,*,名詞,一般,色彩語,*,*,*,石竹色,*,*
セピア,*,*,*,名詞,一般,色彩語,*,*,*,セピア,*,*
セピアいろ,*,*,*,名詞,一般,色彩語,*,*,*,セピアいろ,*,*
sepia,*,*,*,名詞,一般,色彩語,*,*,*,sepia,*,*
セピア色,*,*,*,名詞,一般,色彩語,*,*,*,セピア色,*,*
セラドン,*,*,*,名詞,一般,色彩語,*,*,*,セラドン,*,*
celadon,*,*,*,名詞,一般,色彩語,*,*,*,celadon,*,*
青磁色,*,*,*,名詞,一般,色彩語,*,*,*,青磁色,*,*
秘色,*,*,*,名詞,一般,色彩語,*,*,*,秘色,*,*
ゼラニウムレッド,*,*,*,名詞,一般,色彩語,*,*,*,ゼラニウムレッド,*,*
geranium red,*,*,*,名詞,一般,色彩語,*,*,*,geranium red,*,*
セルリアンブルー,*,*,*,名詞,一般,色彩語,*,*,*,セルリアンブルー,*,*
cerulean blue,*,*,*,名詞,一般,色彩語,*,*,*,cerulean blue,*,*
せんさいちゃ,*,*,*,名詞,一般,色彩語,*,*,*,せんさいちゃ,*,*
せんざいちゃ,*,*,*,名詞,一般,色彩語,*,*,*,せんざいちゃ,*,*
仙斎茶,*,*,*,名詞,一般,色彩語,*,*,*,仙斎茶,*,*
千歳茶,*,*,*,名詞,一般,色彩語,*,*,*,千歳茶,*,*
ちとせみどり,*,*,*,名詞,一般,色彩語,*,*,*,ちとせみどり,*,*
せんざいみどり,*,*,*,名詞,一般,色彩語,*,*,*,せんざいみどり,*,*
千歳緑,*,*,*,名詞,一般,色彩語,*,*,*,千歳緑,*,*
常磐色,*,*,*,名詞,一般,色彩語,*,*,*,常磐色,*,*
エバーグリーン,*,*,*,名詞,一般,色彩語,*,*,*,エバーグリーン,*,*
そうしねず,*,*,*,名詞,一般,色彩語,*,*,*,そうしねず,*,*
相思鼠,*,*,*,名詞,一般,色彩語,*,*,*,相思鼠,*,*
そおそおに,*,*,*,名詞,一般,色彩語,*,*,*,そおそおに,*,*
そぼに,*,*,*,名詞,一般,色彩語,*,*,*,そぼに,*,*
赭,*,*,*,名詞,一般,色彩語,*,*,*,赭,*,*
朱赭土,*,*,*,名詞,一般,色彩語,*,*,*,朱赭土,*,*
そひそひいろ,*,*,*,名詞,一般,色彩語,*,*,*,そひそひいろ,*,*
纁,*,*,*,名詞,一般,色彩語,*,*,*,纁,*,*
蘇比,*,*,*,名詞,一般,色彩語,*,*,*,蘇比,*,*
素緋纁色,*,*,*,名詞,一般,色彩語,*,*,*,素緋纁色,*,*
のうせいしょく,*,*,*,名詞,一般,色彩語,*,*,*,のうせいしょく,*,*
濃青色,*,*,*,名詞,一般,色彩語,*,*,*,濃青色,*,*
ダークブルー,*,*,*,名詞,一般,色彩語,*,*,*,ダークブルー,*,*
ターコイズブルー,*,*,*,名詞,一般,色彩語,*,*,*,ターコイズブルー,*,*
turquoise blue,*,*,*,名詞,一般,色彩語,*,*,*,turquoise blue,*,*
たいこう,*,*,*,名詞,一般,色彩語,*,*,*,たいこう,*,*
退紅,*,*,*,名詞,一般,色彩語,*,*,*,退紅,*,*
褪紅,*,*,*,名詞,一般,色彩語,*,*,*,褪紅,*,*
たいしゃ,*,*,*,名詞,一般,色彩語,*,*,*,たいしゃ,*,*
たいしゃいろ,*,*,*,名詞,一般,色彩語,*,*,*,たいしゃいろ,*,*
代赭,*,*,*,名詞,一般,色彩語,*,*,*,代赭,*,*
代赭色,*,*,*,名詞,一般,色彩語,*,*,*,代赭色,*,*
ふじむらさき,*,*,*,名詞,一般,色彩語,*,*,*,ふじむらさき,*,*
藤紫,*,*,*,名詞,一般,色彩語,*,*,*,藤紫,*,*
大正藤,*,*,*,名詞,一般,色彩語,*,*,*,大正藤,*,*
ダックグリーン,*,*,*,名詞,一般,色彩語,*,*,*,ダックグリーン,*,*
duck green,*,*,*,名詞,一般,色彩語,*,*,*,duck green,*,*
鴨の羽色,*,*,*,名詞,一般,色彩語,*,*,*,鴨の羽色,*,*
ティールグリーン,*,*,*,名詞,一般,色彩語,*,*,*,ティールグリーン,*,*
ダックブルー,*,*,*,名詞,一般,色彩語,*,*,*,ダックブルー,*,*
duck blue,*,*,*,名詞,一般,色彩語,*,*,*,duck blue,*,*
鴨の羽色,*,*,*,名詞,一般,色彩語,*,*,*,鴨の羽色,*,*
ティールブルー,*,*,*,名詞,一般,色彩語,*,*,*,ティールブルー,*,*
たばこいろ,*,*,*,名詞,一般,色彩語,*,*,*,たばこいろ,*,*
煙草色,*,*,*,名詞,一般,色彩語,*,*,*,煙草色,*,*
ダブグレイ,*,*,*,名詞,一般,色彩語,*,*,*,ダブグレイ,*,*
ダブグレー,*,*,*,名詞,一般,色彩語,*,*,*,ダブグレー,*,*
dove gray,*,*,*,名詞,一般,色彩語,*,*,*,dove gray,*,*
たまごいろ,*,*,*,名詞,一般,色彩語,*,*,*,たまごいろ,*,*
卵色,*,*,*,名詞,一般,色彩語,*,*,*,卵色,*,*
玉子色,*,*,*,名詞,一般,色彩語,*,*,*,玉子色,*,*
に,*,*,*,名詞,一般,色彩語,*,*,*,に,*,*
たんにいろ,*,*,*,名詞,一般,色彩語,*,*,*,たんにいろ,*,*
丹,*,*,*,名詞,一般,色彩語,*,*,*,丹,*,*
丹色,*,*,*,名詞,一般,色彩語,*,*,*,丹色,*,*
タン,*,*,*,名詞,一般,色彩語,*,*,*,タン,*,*
tan,*,*,*,名詞,一般,色彩語,*,*,*,tan,*,*
たんこうしょく,*,*,*,名詞,一般,色彩語,*,*,*,たんこうしょく,*,*
淡黄色,*,*,*,名詞,一般,色彩語,*,*,*,淡黄色,*,*
だんじゅうろうちゃ,*,*,*,名詞,一般,色彩語,*,*,*,だんじゅうろうちゃ,*,*
団十郎茶,*,*,*,名詞,一般,色彩語,*,*,*,団十郎茶,*,*
ライトブルー,*,*,*,名詞,一般,色彩語,*,*,*,ライトブルー,*,*
light blue,*,*,*,名詞,一般,色彩語,*,*,*,light blue,*,*
淡青色,*,*,*,名詞,一般,色彩語,*,*,*,淡青色,*,*
チェスナット,*,*,*,名詞,一般,色彩語,*,*,*,チェスナット,*,*
チェスナットブラウン,*,*,*,名詞,一般,色彩語,*,*,*,チェスナットブラウン,*,*
chestnut,*,*,*,名詞,一般,色彩語,*,*,*,chestnut,*,*
chestnut brown,*,*,*,名詞,一般,色彩語,*,*,*,chestnut brown,*,*
栗色,*,*,*,名詞,一般,色彩語,*,*,*,栗色,*,*
チェリー,*,*,*,名詞,一般,色彩語,*,*,*,チェリー,*,*
チェリーレッド,*,*,*,名詞,一般,色彩語,*,*,*,チェリーレッド,*,*
cherry,*,*,*,名詞,一般,色彩語,*,*,*,cherry,*,*
cherry red,*,*,*,名詞,一般,色彩語,*,*,*,cherry red,*,*
チェリーピンク,*,*,*,名詞,一般,色彩語,*,*,*,チェリーピンク,*,*
cherry pink,*,*,*,名詞,一般,色彩語,*,*,*,cherry pink,*,*
桜桃色,*,*,*,名詞,一般,色彩語,*,*,*,桜桃色,*,*
ちぐさいろ,*,*,*,名詞,一般,色彩語,*,*,*,ちぐさいろ,*,*
千草色,*,*,*,名詞,一般,色彩語,*,*,*,千草色,*,*
千種色,*,*,*,名詞,一般,色彩語,*,*,*,千種色,*,*
つゆくさいろ,*,*,*,名詞,一般,色彩語,*,*,*,つゆくさいろ,*,*
露草色,*,*,*,名詞,一般,色彩語,*,*,*,露草色,*,*
千草色,*,*,*,名詞,一般,色彩語,*,*,*,千草色,*,*
月草色,*,*,*,名詞,一般,色彩語,*,*,*,月草色,*,*
チャイニーズレッド,*,*,*,名詞,一般,色彩語,*,*,*,チャイニーズレッド,*,*
Chinese red,*,*,*,名詞,一般,色彩語,*,*,*,Chinese red,*,*
朱色,*,*,*,名詞,一般,色彩語,*,*,*,朱色,*,*
ちゃいろ,*,*,*,名詞,一般,色彩語,*,*,*,ちゃいろ,*,*
茶色,*,*,*,名詞,一般,色彩語,*,*,*,茶色,*,*
褐色,*,*,*,名詞,一般,色彩語,*,*,*,褐色,*,*
ブラウン,*,*,*,名詞,一般,色彩語,*,*,*,ブラウン,*,*
ちゃかっしょく,*,*,*,名詞,一般,色彩語,*,*,*,ちゃかっしょく,*,*
茶褐色,*,*,*,名詞,一般,色彩語,*,*,*,茶褐色,*,*
チャコールグレイ,*,*,*,名詞,一般,色彩語,*,*,*,チャコールグレイ,*,*
チャコールグレー,*,*,*,名詞,一般,色彩語,*,*,*,チャコールグレー,*,*
charcoal gray,*,*,*,名詞,一般,色彩語,*,*,*,charcoal gray,*,*
消炭色,*,*,*,名詞,一般,色彩語,*,*,*,消炭色,*,*
ちゃねずちゃねずみ,*,*,*,名詞,一般,色彩語,*,*,*,ちゃねずちゃねずみ,*,*
茶鼠,*,*,*,名詞,一般,色彩語,*,*,*,茶鼠,*,*
ちゅうき,*,*,*,名詞,一般,色彩語,*,*,*,ちゅうき,*,*
中黄,*,*,*,名詞,一般,色彩語,*,*,*,中黄,*,*
ヘーゼルブラウン,*,*,*,名詞,一般,色彩語,*,*,*,ヘーゼルブラウン,*,*
hazel brown,*,*,*,名詞,一般,色彩語,*,*,*,hazel brown,*,*
ちょうじちゃ,*,*,*,名詞,一般,色彩語,*,*,*,ちょうじちゃ,*,*
丁子茶,*,*,*,名詞,一般,色彩語,*,*,*,丁子茶,*,*
チョコレート,*,*,*,名詞,一般,色彩語,*,*,*,チョコレート,*,*
チョコレートブラウン,*,*,*,名詞,一般,色彩語,*,*,*,チョコレートブラウン,*,*
chocolate,*,*,*,名詞,一般,色彩語,*,*,*,chocolate,*,*
chocolate brown,*,*,*,名詞,一般,色彩語,*,*,*,chocolate brown,*,*
チリアンパープル,*,*,*,名詞,一般,色彩語,*,*,*,チリアンパープル,*,*
Tyrian purple,*,*,*,名詞,一般,色彩語,*,*,*,Tyrian purple,*,*
つぎのはなだ,*,*,*,名詞,一般,色彩語,*,*,*,つぎのはなだ,*,*
つぐはなだ,*,*,*,名詞,一般,色彩語,*,*,*,つぐはなだ,*,*
次縹,*,*,*,名詞,一般,色彩語,*,*,*,次縹,*,*
つちいろ,*,*,*,名詞,一般,色彩語,*,*,*,つちいろ,*,*
土色,*,*,*,名詞,一般,色彩語,*,*,*,土色,*,*
つつじいろ,*,*,*,名詞,一般,色彩語,*,*,*,つつじいろ,*,*
躑躅色,*,*,*,名詞,一般,色彩語,*,*,*,躑躅色,*,*
アザレアピンク,*,*,*,名詞,一般,色彩語,*,*,*,アザレアピンク,*,*
つるばみいろ,*,*,*,名詞,一般,色彩語,*,*,*,つるばみいろ,*,*
橡色,*,*,*,名詞,一般,色彩語,*,*,*,橡色,*,*
ディープレッド,*,*,*,名詞,一般,色彩語,*,*,*,ディープレッド,*,*
Deep red,*,*,*,名詞,一般,色彩語,*,*,*,Deep red,*,*
ティールブルー,*,*,*,名詞,一般,色彩語,*,*,*,ティールブルー,*,*
teal blue,*,*,*,名詞,一般,色彩語,*,*,*,teal blue,*,*
鴨の羽色,*,*,*,名詞,一般,色彩語,*,*,*,鴨の羽色,*,*
ティールグリーン,*,*,*,名詞,一般,色彩語,*,*,*,ティールグリーン,*,*
てつぐろ,*,*,*,名詞,一般,色彩語,*,*,*,てつぐろ,*,*
鉄黒,*,*,*,名詞,一般,色彩語,*,*,*,鉄黒,*,*
てつなんど,*,*,*,名詞,一般,色彩語,*,*,*,てつなんど,*,*
てつおなんど,*,*,*,名詞,一般,色彩語,*,*,*,てつおなんど,*,*
鉄納戸,*,*,*,名詞,一般,色彩語,*,*,*,鉄納戸,*,*
鉄御納戸,*,*,*,名詞,一般,色彩語,*,*,*,鉄御納戸,*,*
テラコッタ,*,*,*,名詞,一般,色彩語,*,*,*,テラコッタ,*,*
terracotta,*,*,*,名詞,一般,色彩語,*,*,*,terracotta,*,*
とうおうしょく,*,*,*,名詞,一般,色彩語,*,*,*,とうおうしょく,*,*
とうこうしょく,*,*,*,名詞,一般,色彩語,*,*,*,とうこうしょく,*,*
橙黄色,*,*,*,名詞,一般,色彩語,*,*,*,橙黄色,*,*
とうもろこしいろ,*,*,*,名詞,一般,色彩語,*,*,*,とうもろこしいろ,*,*
玉蜀黍色,*,*,*,名詞,一般,色彩語,*,*,*,玉蜀黍色,*,*
メイズ,*,*,*,名詞,一般,色彩語,*,*,*,メイズ,*,*
コーン,*,*,*,名詞,一般,色彩語,*,*,*,コーン,*,*
トープ,*,*,*,名詞,一般,色彩語,*,*,*,トープ,*,*
taupe,*,*,*,名詞,一般,色彩語,*,*,*,taupe,*,*
ドーンピンク,*,*,*,名詞,一般,色彩語,*,*,*,ドーンピンク,*,*
dawn pink,*,*,*,名詞,一般,色彩語,*,*,*,dawn pink,*,*
ときいろ,*,*,*,名詞,一般,色彩語,*,*,*,ときいろ,*,*
鴇色,*,*,*,名詞,一般,色彩語,*,*,*,鴇色,*,*
朱鷺色,*,*,*,名詞,一般,色彩語,*,*,*,朱鷺色,*,*
ときわいろ,*,*,*,名詞,一般,色彩語,*,*,*,ときわいろ,*,*
常磐色,*,*,*,名詞,一般,色彩語,*,*,*,常磐色,*,*
常盤色,*,*,*,名詞,一般,色彩語,*,*,*,常盤色,*,*
エバーグリーン,*,*,*,名詞,一般,色彩語,*,*,*,エバーグリーン,*,*
千歳緑,*,*,*,名詞,一般,色彩語,*,*,*,千歳緑,*,*
とくさいろ,*,*,*,名詞,一般,色彩語,*,*,*,とくさいろ,*,*
木賊色,*,*,*,名詞,一般,色彩語,*,*,*,木賊色,*,*
砥草色,*,*,*,名詞,一般,色彩語,*,*,*,砥草色,*,*
とのこいろ,*,*,*,名詞,一般,色彩語,*,*,*,とのこいろ,*,*
砥粉色,*,*,*,名詞,一般,色彩語,*,*,*,砥粉色,*,*
トパーズ,*,*,*,名詞,一般,色彩語,*,*,*,トパーズ,*,*
topaz,*,*,*,名詞,一般,色彩語,*,*,*,topaz,*,*
とびいろ,*,*,*,名詞,一般,色彩語,*,*,*,とびいろ,*,*
鳶色,*,*,*,名詞,一般,色彩語,*,*,*,鳶色,*,*
トマトレッド,*,*,*,名詞,一般,色彩語,*,*,*,トマトレッド,*,*
tomato red,*,*,*,名詞,一般,色彩語,*,*,*,tomato red,*,*
とりのこいろ,*,*,*,名詞,一般,色彩語,*,*,*,とりのこいろ,*,*
鳥の子色,*,*,*,名詞,一般,色彩語,*,*,*,鳥の子色,*,*
ナイルグリーン,*,*,*,名詞,一般,色彩語,*,*,*,ナイルグリーン,*,*
Nile green,*,*,*,名詞,一般,色彩語,*,*,*,Nile green,*,*
ナイルブルー,*,*,*,名詞,一般,色彩語,*,*,*,ナイルブルー,*,*
ナイルあお,*,*,*,名詞,一般,色彩語,*,*,*,ナイルあお,*,*
Nile blue,*,*,*,名詞,一般,色彩語,*,*,*,Nile blue,*,*
ナイル青,*,*,*,名詞,一般,色彩語,*,*,*,ナイル青,*,*
なえいろ,*,*,*,名詞,一般,色彩語,*,*,*,なえいろ,*,*
苗色,*,*,*,名詞,一般,色彩語,*,*,*,苗色,*,*
はなだ,*,*,*,名詞,一般,色彩語,*,*,*,はなだ,*,*
はなだいろ,*,*,*,名詞,一般,色彩語,*,*,*,はなだいろ,*,*
縹縹色,*,*,*,名詞,一般,色彩語,*,*,*,縹縹色,*,*
花田色,*,*,*,名詞,一般,色彩語,*,*,*,花田色,*,*
花色,*,*,*,名詞,一般,色彩語,*,*,*,花色,*,*
シアン,*,*,*,名詞,一般,色彩語,*,*,*,シアン,*,*
なすこん,*,*,*,名詞,一般,色彩語,*,*,*,なすこん,*,*
茄子紺,*,*,*,名詞,一般,色彩語,*,*,*,茄子紺,*,*
なでしこいろ,*,*,*,名詞,一般,色彩語,*,*,*,なでしこいろ,*,*
撫子色,*,*,*,名詞,一般,色彩語,*,*,*,撫子色,*,*
ピンク,*,*,*,名詞,一般,色彩語,*,*,*,ピンク,*,*
なのはないろ,*,*,*,名詞,一般,色彩語,*,*,*,なのはないろ,*,*
菜の花色,*,*,*,名詞,一般,色彩語,*,*,*,菜の花色,*,*
なまかべいろ,*,*,*,名詞,一般,色彩語,*,*,*,なまかべいろ,*,*
生壁色,*,*,*,名詞,一般,色彩語,*,*,*,生壁色,*,*
なまりいろ,*,*,*,名詞,一般,色彩語,*,*,*,なまりいろ,*,*
鉛色,*,*,*,名詞,一般,色彩語,*,*,*,鉛色,*,*
にせむらさき,*,*,*,名詞,一般,色彩語,*,*,*,にせむらさき,*,*
似紫,*,*,*,名詞,一般,色彩語,*,*,*,似紫,*,*
にっけいいろ,*,*,*,名詞,一般,色彩語,*,*,*,にっけいいろ,*,*
肉桂色,*,*,*,名詞,一般,色彩語,*,*,*,肉桂色,*,*
シナモン,*,*,*,名詞,一般,色彩語,*,*,*,シナモン,*,*
にびいろにぶいろ,*,*,*,名詞,一般,色彩語,*,*,*,にびいろにぶいろ,*,*
鈍色,*,*,*,名詞,一般,色彩語,*,*,*,鈍色,*,*
ミルキーホワイト,*,*,*,名詞,一般,色彩語,*,*,*,ミルキーホワイト,*,*
ミルクいろ,*,*,*,名詞,一般,色彩語,*,*,*,ミルクいろ,*,*
milky white,*,*,*,名詞,一般,色彩語,*,*,*,milky white,*,*
ミルク色,*,*,*,名詞,一般,色彩語,*,*,*,ミルク色,*,*
乳白色,*,*,*,名詞,一般,色彩語,*,*,*,乳白色,*,*
にんじんいろ,*,*,*,名詞,一般,色彩語,*,*,*,にんじんいろ,*,*
人参色,*,*,*,名詞,一般,色彩語,*,*,*,人参色,*,*
キャロットオレンジ,*,*,*,名詞,一般,色彩語,*,*,*,キャロットオレンジ,*,*
ぬればいろ,*,*,*,名詞,一般,色彩語,*,*,*,ぬればいろ,*,*
濡羽色,*,*,*,名詞,一般,色彩語,*,*,*,濡羽色,*,*
濡烏,*,*,*,名詞,一般,色彩語,*,*,*,濡烏,*,*
烏羽色,*,*,*,名詞,一般,色彩語,*,*,*,烏羽色,*,*
ネイビー,*,*,*,名詞,一般,色彩語,*,*,*,ネイビー,*,*
ネービーブルー,*,*,*,名詞,一般,色彩語,*,*,*,ネービーブルー,*,*
navy,*,*,*,名詞,一般,色彩語,*,*,*,navy,*,*
navy blue,*,*,*,名詞,一般,色彩語,*,*,*,navy blue,*,*
ネープルスイエロー,*,*,*,名詞,一般,色彩語,*,*,*,ネープルスイエロー,*,*
Naples yellow,*,*,*,名詞,一般,色彩語,*,*,*,Naples yellow,*,*
ネールピンク,*,*,*,名詞,一般,色彩語,*,*,*,ネールピンク,*,*
nail pink,*,*,*,名詞,一般,色彩語,*,*,*,nail pink,*,*
ねぎしいろ,*,*,*,名詞,一般,色彩語,*,*,*,ねぎしいろ,*,*
根岸色,*,*,*,名詞,一般,色彩語,*,*,*,根岸色,*,*
ねずみいろ,*,*,*,名詞,一般,色彩語,*,*,*,ねずみいろ,*,*
鼠色,*,*,*,名詞,一般,色彩語,*,*,*,鼠色,*,*
灰色,*,*,*,名詞,一般,色彩語,*,*,*,灰色,*,*
グレー,*,*,*,名詞,一般,色彩語,*,*,*,グレー,*,*
ねりいろ,*,*,*,名詞,一般,色彩語,*,*,*,ねりいろ,*,*
練色,*,*,*,名詞,一般,色彩語,*,*,*,練色,*,*
のしめいろ,*,*,*,名詞,一般,色彩語,*,*,*,のしめいろ,*,*
熨斗目色,*,*,*,名詞,一般,色彩語,*,*,*,熨斗目色,*,*
のしめはないろ,*,*,*,名詞,一般,色彩語,*,*,*,のしめはないろ,*,*
熨斗目花色,*,*,*,名詞,一般,色彩語,*,*,*,熨斗目花色,*,*
バーガンディー,*,*,*,名詞,一般,色彩語,*,*,*,バーガンディー,*,*
burgundy,*,*,*,名詞,一般,色彩語,*,*,*,burgundy,*,*
ワインレッド,*,*,*,名詞,一般,色彩語,*,*,*,ワインレッド,*,*
パーチメント,*,*,*,名詞,一般,色彩語,*,*,*,パーチメント,*,*
parchment,*,*,*,名詞,一般,色彩語,*,*,*,parchment,*,*
パープル,*,*,*,名詞,一般,色彩語,*,*,*,パープル,*,*
purple,*,*,*,名詞,一般,色彩語,*,*,*,purple,*,*
紫,*,*,*,名詞,一般,色彩語,*,*,*,紫,*,*
パールグレイ,*,*,*,名詞,一般,色彩語,*,*,*,パールグレイ,*,*
パールグレー,*,*,*,名詞,一般,色彩語,*,*,*,パールグレー,*,*
pearl gray,*,*,*,名詞,一般,色彩語,*,*,*,pearl gray,*,*
バーントアンバー,*,*,*,名詞,一般,色彩語,*,*,*,バーントアンバー,*,*
burnt umber,*,*,*,名詞,一般,色彩語,*,*,*,burnt umber,*,*
バーントオレンジ,*,*,*,名詞,一般,色彩語,*,*,*,バーントオレンジ,*,*
burnt orange,*,*,*,名詞,一般,色彩語,*,*,*,burnt orange,*,*
バーントシェンナ,*,*,*,名詞,一般,色彩語,*,*,*,バーントシェンナ,*,*
burnt sienna,*,*,*,名詞,一般,色彩語,*,*,*,burnt sienna,*,*
はいあか,*,*,*,名詞,一般,色彩語,*,*,*,はいあか,*,*
灰赤,*,*,*,名詞,一般,色彩語,*,*,*,灰赤,*,*
はいあかむらさき,*,*,*,名詞,一般,色彩語,*,*,*,はいあかむらさき,*,*
灰赤紫,*,*,*,名詞,一般,色彩語,*,*,*,灰赤紫,*,*
はいいろ,*,*,*,名詞,一般,色彩語,*,*,*,はいいろ,*,*
灰色,*,*,*,名詞,一般,色彩語,*,*,*,灰色,*,*
鼠色,*,*,*,名詞,一般,色彩語,*,*,*,鼠色,*,*
グレー,*,*,*,名詞,一般,色彩語,*,*,*,グレー,*,*
バイオレット,*,*,*,名詞,一般,色彩語,*,*,*,バイオレット,*,*
violet,*,*,*,名詞,一般,色彩語,*,*,*,violet,*,*
菫色,*,*,*,名詞,一般,色彩語,*,*,*,菫色,*,*
青紫,*,*,*,名詞,一般,色彩語,*,*,*,青紫,*,*
はいざくら,*,*,*,名詞,一般,色彩語,*,*,*,はいざくら,*,*
灰桜,*,*,*,名詞,一般,色彩語,*,*,*,灰桜,*,*
はいちゃ,*,*,*,名詞,一般,色彩語,*,*,*,はいちゃ,*,*
灰茶,*,*,*,名詞,一般,色彩語,*,*,*,灰茶,*,*
はじいろ,*,*,*,名詞,一般,色彩語,*,*,*,はじいろ,*,*
黄櫨色,*,*,*,名詞,一般,色彩語,*,*,*,黄櫨色,*,*
櫨色,*,*,*,名詞,一般,色彩語,*,*,*,櫨色,*,*
はしたいろ,*,*,*,名詞,一般,色彩語,*,*,*,はしたいろ,*,*
半色,*,*,*,名詞,一般,色彩語,*,*,*,半色,*,*
端色,*,*,*,名詞,一般,色彩語,*,*,*,端色,*,*
ハニー,*,*,*,名詞,一般,色彩語,*,*,*,ハニー,*,*
honey,*,*,*,名詞,一般,色彩語,*,*,*,honey,*,*
蜂蜜色,*,*,*,名詞,一般,色彩語,*,*,*,蜂蜜色,*,*
はとばねず,*,*,*,名詞,一般,色彩語,*,*,*,はとばねず,*,*
はとばねずみ,*,*,*,名詞,一般,色彩語,*,*,*,はとばねずみ,*,*
鳩羽鼠,*,*,*,名詞,一般,色彩語,*,*,*,鳩羽鼠,*,*
ダブグレイ,*,*,*,名詞,一般,色彩語,*,*,*,ダブグレイ,*,*
はなあさぎ,*,*,*,名詞,一般,色彩語,*,*,*,はなあさぎ,*,*
花浅葱,*,*,*,名詞,一般,色彩語,*,*,*,花浅葱,*,*
ラピスラズリ,*,*,*,名詞,一般,色彩語,*,*,*,ラピスラズリ,*,*
lapis lazuli,*,*,*,名詞,一般,色彩語,*,*,*,lapis lazuli,*,*
瑠璃色,*,*,*,名詞,一般,色彩語,*,*,*,瑠璃色,*,*
はなむらさき,*,*,*,名詞,一般,色彩語,*,*,*,はなむらさき,*,*
花紫,*,*,*,名詞,一般,色彩語,*,*,*,花紫,*,*
はねずいろ,*,*,*,名詞,一般,色彩語,*,*,*,はねずいろ,*,*
朱華色,*,*,*,名詞,一般,色彩語,*,*,*,朱華色,*,*
唐棣色,*,*,*,名詞,一般,色彩語,*,*,*,唐棣色,*,*
パンジー,*,*,*,名詞,一般,色彩語,*,*,*,パンジー,*,*
pansy,*,*,*,名詞,一般,色彩語,*,*,*,pansy,*,*
ハンターグリーン,*,*,*,名詞,一般,色彩語,*,*,*,ハンターグリーン,*,*
hunter green,*,*,*,名詞,一般,色彩語,*,*,*,hunter green,*,*
ハンティングピンク,*,*,*,名詞,一般,色彩語,*,*,*,ハンティングピンク,*,*
hunting pink,*,*,*,名詞,一般,色彩語,*,*,*,hunting pink,*,*
バンブー,*,*,*,名詞,一般,色彩語,*,*,*,バンブー,*,*
bamboo,*,*,*,名詞,一般,色彩語,*,*,*,bamboo,*,*
パンプキン,*,*,*,名詞,一般,色彩語,*,*,*,パンプキン,*,*
pumpkin,*,*,*,名詞,一般,色彩語,*,*,*,pumpkin,*,*
ピーグリーン,*,*,*,名詞,一般,色彩語,*,*,*,ピーグリーン,*,*
pea green,*,*,*,名詞,一般,色彩語,*,*,*,pea green,*,*
ピーコックグリーン,*,*,*,名詞,一般,色彩語,*,*,*,ピーコックグリーン,*,*
peacock green,*,*,*,名詞,一般,色彩語,*,*,*,peacock green,*,*
ピーコックブルー,*,*,*,名詞,一般,色彩語,*,*,*,ピーコックブルー,*,*
peacock blue,*,*,*,名詞,一般,色彩語,*,*,*,peacock blue,*,*
ペッシュ,*,*,*,名詞,一般,色彩語,*,*,*,ペッシュ,*,*
pêche,*,*,*,名詞,一般,色彩語,*,*,*,pêche,*,*
ピーチ,*,*,*,名詞,一般,色彩語,*,*,*,ピーチ,*,*
ももいろ,*,*,*,名詞,一般,色彩語,*,*,*,ももいろ,*,*
もものはないろ,*,*,*,名詞,一般,色彩語,*,*,*,もものはないろ,*,*
桃色,*,*,*,名詞,一般,色彩語,*,*,*,桃色,*,*
桃花色,*,*,*,名詞,一般,色彩語,*,*,*,桃花色,*,*
ピーチブロッサム,*,*,*,名詞,一般,色彩語,*,*,*,ピーチブロッサム,*,*
ピンク,*,*,*,名詞,一般,色彩語,*,*,*,ピンク,*,*
ひいろ,*,*,*,名詞,一般,色彩語,*,*,*,ひいろ,*,*
緋色,*,*,*,名詞,一般,色彩語,*,*,*,緋色,*,*
スカーレット,*,*,*,名詞,一般,色彩語,*,*,*,スカーレット,*,*
ビスケット,*,*,*,名詞,一般,色彩語,*,*,*,ビスケット,*,*
biscuit,*,*,*,名詞,一般,色彩語,*,*,*,biscuit,*,*
ピスタシオグリーン,*,*,*,名詞,一般,色彩語,*,*,*,ピスタシオグリーン,*,*
ピスタチオグリーン,*,*,*,名詞,一般,色彩語,*,*,*,ピスタチオグリーン,*,*
pistacho green,*,*,*,名詞,一般,色彩語,*,*,*,pistacho green,*,*
ひそくひしょく,*,*,*,名詞,一般,色彩語,*,*,*,ひそくひしょく,*,*
秘色,*,*,*,名詞,一般,色彩語,*,*,*,秘色,*,*
青磁色,*,*,*,名詞,一般,色彩語,*,*,*,青磁色,*,*
セラドン,*,*,*,名詞,一般,色彩語,*,*,*,セラドン,*,*
ひまわりいろ,*,*,*,名詞,一般,色彩語,*,*,*,ひまわりいろ,*,*
向日葵色,*,*,*,名詞,一般,色彩語,*,*,*,向日葵色,*,*
びゃくぐん,*,*,*,名詞,一般,色彩語,*,*,*,びゃくぐん,*,*
白群,*,*,*,名詞,一般,色彩語,*,*,*,白群,*,*
びゃくろく,*,*,*,名詞,一般,色彩語,*,*,*,びゃくろく,*,*
白緑,*,*,*,名詞,一般,色彩語,*,*,*,白緑,*,*
ヒヤシンス,*,*,*,名詞,一般,色彩語,*,*,*,ヒヤシンス,*,*
hyacinth,*,*,*,名詞,一般,色彩語,*,*,*,hyacinth,*,*
ビリジアン,*,*,*,名詞,一般,色彩語,*,*,*,ビリジアン,*,*
ビリジャン,*,*,*,名詞,一般,色彩語,*,*,*,ビリジャン,*,*
viridian,*,*,*,名詞,一般,色彩語,*,*,*,viridian,*,*
ビリヤードグリーン,*,*,*,名詞,一般,色彩語,*,*,*,ビリヤードグリーン,*,*
billiard green,*,*,*,名詞,一般,色彩語,*,*,*,billiard green,*,*
ひわいろ,*,*,*,名詞,一般,色彩語,*,*,*,ひわいろ,*,*
鶸色,*,*,*,名詞,一般,色彩語,*,*,*,鶸色,*,*
ひわだいろ,*,*,*,名詞,一般,色彩語,*,*,*,ひわだいろ,*,*
檜皮色,*,*,*,名詞,一般,色彩語,*,*,*,檜皮色,*,*
桧皮色,*,*,*,名詞,一般,色彩語,*,*,*,桧皮色,*,*
ひわちゃ,*,*,*,名詞,一般,色彩語,*,*,*,ひわちゃ,*,*
鶸茶,*,*,*,名詞,一般,色彩語,*,*,*,鶸茶,*,*
ピンク,*,*,*,名詞,一般,色彩語,*,*,*,ピンク,*,*
pink,*,*,*,名詞,一般,色彩語,*,*,*,pink,*,*
桃色,*,*,*,名詞,一般,色彩語,*,*,*,桃色,*,*
石竹色,*,*,*,名詞,一般,色彩語,*,*,*,石竹色,*,*
撫子色,*,*,*,名詞,一般,色彩語,*,*,*,撫子色,*,*
ファーグリーン,*,*,*,名詞,一般,色彩語,*,*,*,ファーグリーン,*,*
fir green,*,*,*,名詞,一般,色彩語,*,*,*,fir green,*,*
ファイアーレッド,*,*,*,名詞,一般,色彩語,*,*,*,ファイアーレッド,*,*
fire red,*,*,*,名詞,一般,色彩語,*,*,*,fire red,*,*
ファウンテンブルー,*,*,*,名詞,一般,色彩語,*,*,*,ファウンテンブルー,*,*
fountain blue,*,*,*,名詞,一般,色彩語,*,*,*,fountain blue,*,*
ブーゲンビリア,*,*,*,名詞,一般,色彩語,*,*,*,ブーゲンビリア,*,*
bougainvillaea,*,*,*,名詞,一般,色彩語,*,*,*,bougainvillaea,*,*
フォゲットミーノット,*,*,*,名詞,一般,色彩語,*,*,*,フォゲットミーノット,*,*
forget-me-not,*,*,*,名詞,一般,色彩語,*,*,*,forget-me-not,*,*
勿忘草色,*,*,*,名詞,一般,色彩語,*,*,*,勿忘草色,*,*
フォーン,*,*,*,名詞,一般,色彩語,*,*,*,フォーン,*,*
fawn,*,*,*,名詞,一般,色彩語,*,*,*,fawn,*,*
ブルーフォグ,*,*,*,名詞,一般,色彩語,*,*,*,ブルーフォグ,*,*
blue fog,*,*,*,名詞,一般,色彩語,*,*,*,blue fog,*,*
フォレストグリーン,*,*,*,名詞,一般,色彩語,*,*,*,フォレストグリーン,*,*
forest green,*,*,*,名詞,一般,色彩語,*,*,*,forest green,*,*
ふかがわねずみ,*,*,*,名詞,一般,色彩語,*,*,*,ふかがわねずみ,*,*
深川鼠,*,*,*,名詞,一般,色彩語,*,*,*,深川鼠,*,*
べにかばいろ,*,*,*,名詞,一般,色彩語,*,*,*,べにかばいろ,*,*
紅樺色,*,*,*,名詞,一般,色彩語,*,*,*,紅樺色,*,*
フクシャ,*,*,*,名詞,一般,色彩語,*,*,*,フクシャ,*,*
フクシアフューシャ,*,*,*,名詞,一般,色彩語,*,*,*,フクシアフューシャ,*,*
fuchsia,*,*,*,名詞,一般,色彩語,*,*,*,fuchsia,*,*
マゼンタ,*,*,*,名詞,一般,色彩語,*,*,*,マゼンタ,*,*
フクシャパープル,*,*,*,名詞,一般,色彩語,*,*,*,フクシャパープル,*,*
fuchsia purple,*,*,*,名詞,一般,色彩語,*,*,*,fuchsia purple,*,*
フクシャピンク,*,*,*,名詞,一般,色彩語,*,*,*,フクシャピンク,*,*
fuchsia pink,*,*,*,名詞,一般,色彩語,*,*,*,fuchsia pink,*,*
フクシャレッド,*,*,*,名詞,一般,色彩語,*,*,*,フクシャレッド,*,*
fuchsia red,*,*,*,名詞,一般,色彩語,*,*,*,fuchsia red,*,*
フーカスグリーン,*,*,*,名詞,一般,色彩語,*,*,*,フーカスグリーン,*,*
Hooker's green,*,*,*,名詞,一般,色彩語,*,*,*,Hooker's green,*,*
ふじいろ,*,*,*,名詞,一般,色彩語,*,*,*,ふじいろ,*,*
藤色,*,*,*,名詞,一般,色彩語,*,*,*,藤色,*,*
ウィスタリア,*,*,*,名詞,一般,色彩語,*,*,*,ウィスタリア,*,*
ふじなんど,*,*,*,名詞,一般,色彩語,*,*,*,ふじなんど,*,*
ふじおなんど,*,*,*,名詞,一般,色彩語,*,*,*,ふじおなんど,*,*
藤納戸,*,*,*,名詞,一般,色彩語,*,*,*,藤納戸,*,*
藤御納戸,*,*,*,名詞,一般,色彩語,*,*,*,藤御納戸,*,*
ふじねず,*,*,*,名詞,一般,色彩語,*,*,*,ふじねず,*,*
藤鼠,*,*,*,名詞,一般,色彩語,*,*,*,藤鼠,*,*
ふたあい,*,*,*,名詞,一般,色彩語,*,*,*,ふたあい,*,*
二藍,*,*,*,名詞,一般,色彩語,*,*,*,二藍,*,*
ぶどうねずみ,*,*,*,名詞,一般,色彩語,*,*,*,ぶどうねずみ,*,*
葡萄鼠,*,*,*,名詞,一般,色彩語,*,*,*,葡萄鼠,*,*
ブラウン,*,*,*,名詞,一般,色彩語,*,*,*,ブラウン,*,*
brown,*,*,*,名詞,一般,色彩語,*,*,*,brown,*,*
茶色,*,*,*,名詞,一般,色彩語,*,*,*,茶色,*,*
褐色,*,*,*,名詞,一般,色彩語,*,*,*,褐色,*,*
ブラック,*,*,*,名詞,一般,色彩語,*,*,*,ブラック,*,*
black,*,*,*,名詞,一般,色彩語,*,*,*,black,*,*
黒,*,*,*,名詞,一般,色彩語,*,*,*,黒,*,*
フラミンゴ,*,*,*,名詞,一般,色彩語,*,*,*,フラミンゴ,*,*
flamingo,*,*,*,名詞,一般,色彩語,*,*,*,flamingo,*,*
ブルー,*,*,*,名詞,一般,色彩語,*,*,*,ブルー,*,*
blue,*,*,*,名詞,一般,色彩語,*,*,*,blue,*,*
青,*,*,*,名詞,一般,色彩語,*,*,*,青,*,*
ペールオレンジ,*,*,*,名詞,一般,色彩語,*,*,*,ペールオレンジ,*,*
pale orange,*,*,*,名詞,一般,色彩語,*,*,*,pale orange,*,*
フレッシュ,*,*,*,名詞,一般,色彩語,*,*,*,フレッシュ,*,*
肌色,*,*,*,名詞,一般,色彩語,*,*,*,肌色,*,*
フレッシュピンク,*,*,*,名詞,一般,色彩語,*,*,*,フレッシュピンク,*,*
flesh pink,*,*,*,名詞,一般,色彩語,*,*,*,flesh pink,*,*
ブロンド,*,*,*,名詞,一般,色彩語,*,*,*,ブロンド,*,*
blond,*,*,*,名詞,一般,色彩語,*,*,*,blond,*,*
blonde,*,*,*,名詞,一般,色彩語,*,*,*,blonde,*,*
ベージュ,*,*,*,名詞,一般,色彩語,*,*,*,ベージュ,*,*
ベージ,*,*,*,名詞,一般,色彩語,*,*,*,ベージ,*,*
beige,*,*,*,名詞,一般,色彩語,*,*,*,beige,*,*
ベゴニア,*,*,*,名詞,一般,色彩語,*,*,*,ベゴニア,*,*
begonia,*,*,*,名詞,一般,色彩語,*,*,*,begonia,*,*
べにあか,*,*,*,名詞,一般,色彩語,*,*,*,べにあか,*,*
紅赤,*,*,*,名詞,一般,色彩語,*,*,*,紅赤,*,*
べにえびちゃ,*,*,*,名詞,一般,色彩語,*,*,*,べにえびちゃ,*,*
紅海老茶,*,*,*,名詞,一般,色彩語,*,*,*,紅海老茶,*,*
べんがらいろ,*,*,*,名詞,一般,色彩語,*,*,*,べんがらいろ,*,*
べにがらいろ,*,*,*,名詞,一般,色彩語,*,*,*,べにがらいろ,*,*
弁柄色,*,*,*,名詞,一般,色彩語,*,*,*,弁柄色,*,*
紅殻色,*,*,*,名詞,一般,色彩語,*,*,*,紅殻色,*,*
べにひ,*,*,*,名詞,一般,色彩語,*,*,*,べにひ,*,*
紅緋,*,*,*,名詞,一般,色彩語,*,*,*,紅緋,*,*
緋色,*,*,*,名詞,一般,色彩語,*,*,*,緋色,*,*
ベビーピンク,*,*,*,名詞,一般,色彩語,*,*,*,ベビーピンク,*,*
baby pink,*,*,*,名詞,一般,色彩語,*,*,*,baby pink,*,*
ベビーブルー,*,*,*,名詞,一般,色彩語,*,*,*,ベビーブルー,*,*
baby blue,*,*,*,名詞,一般,色彩語,*,*,*,baby blue,*,*
ヘリオトロープ,*,*,*,名詞,一般,色彩語,*,*,*,ヘリオトロープ,*,*
heliotrope,*,*,*,名詞,一般,色彩語,*,*,*,heliotrope,*,*
ベルフラワー,*,*,*,名詞,一般,色彩語,*,*,*,ベルフラワー,*,*
bellflower,*,*,*,名詞,一般,色彩語,*,*,*,bellflower,*,*
ヘンナ,*,*,*,名詞,一般,色彩語,*,*,*,ヘンナ,*,*
henna,*,*,*,名詞,一般,色彩語,*,*,*,henna,*,*
ぼたんいろ,*,*,*,名詞,一般,色彩語,*,*,*,ぼたんいろ,*,*
牡丹色,*,*,*,名詞,一般,色彩語,*,*,*,牡丹色,*,*
ボトルグリーン,*,*,*,名詞,一般,色彩語,*,*,*,ボトルグリーン,*,*
bottle green,*,*,*,名詞,一般,色彩語,*,*,*,bottle green,*,*
ポピーレッド,*,*,*,名詞,一般,色彩語,*,*,*,ポピーレッド,*,*
poppy red,*,*,*,名詞,一般,色彩語,*,*,*,poppy red,*,*
ホリゾンブルー,*,*,*,名詞,一般,色彩語,*,*,*,ホリゾンブルー,*,*
ホライズンブルー,*,*,*,名詞,一般,色彩語,*,*,*,ホライズンブルー,*,*
horizon blue,*,*,*,名詞,一般,色彩語,*,*,*,horizon blue,*,*
ボルドー,*,*,*,名詞,一般,色彩語,*,*,*,ボルドー,*,*
bordeaux,*,*,*,名詞,一般,色彩語,*,*,*,bordeaux,*,*
ホワイト,*,*,*,名詞,一般,色彩語,*,*,*,ホワイト,*,*
white,*,*,*,名詞,一般,色彩語,*,*,*,white,*,*
白,*,*,*,名詞,一般,色彩語,*,*,*,白,*,*
ポンペイアンレッド,*,*,*,名詞,一般,色彩語,*,*,*,ポンペイアンレッド,*,*
Pompeian red,*,*,*,名詞,一般,色彩語,*,*,*,Pompeian red,*,*
マウントバッテンピンク,*,*,*,名詞,一般,色彩語,*,*,*,マウントバッテンピンク,*,*
Mountbatten pink,*,*,*,名詞,一般,色彩語,*,*,*,Mountbatten pink,*,*
マスタード,*,*,*,名詞,一般,色彩語,*,*,*,マスタード,*,*
mustard,*,*,*,名詞,一般,色彩語,*,*,*,mustard,*,*
まそお,*,*,*,名詞,一般,色彩語,*,*,*,まそお,*,*
真赭,*,*,*,名詞,一般,色彩語,*,*,*,真赭,*,*
真朱,*,*,*,名詞,一般,色彩語,*,*,*,真朱,*,*
まっちゃいろ,*,*,*,名詞,一般,色彩語,*,*,*,まっちゃいろ,*,*
抹茶色,*,*,*,名詞,一般,色彩語,*,*,*,抹茶色,*,*
利休色,*,*,*,名詞,一般,色彩語,*,*,*,利休色,*,*
まつばいろ,*,*,*,名詞,一般,色彩語,*,*,*,まつばいろ,*,*
まつのはいろ,*,*,*,名詞,一般,色彩語,*,*,*,まつのはいろ,*,*
松葉色,*,*,*,名詞,一般,色彩語,*,*,*,松葉色,*,*
松の葉色,*,*,*,名詞,一般,色彩語,*,*,*,松の葉色,*,*
マホガニー,*,*,*,名詞,一般,色彩語,*,*,*,マホガニー,*,*
mahogany,*,*,*,名詞,一般,色彩語,*,*,*,mahogany,*,*
マラカイトグリーン,*,*,*,名詞,一般,色彩語,*,*,*,マラカイトグリーン,*,*
くじゃくりょく,*,*,*,名詞,一般,色彩語,*,*,*,くじゃくりょく,*,*
malachite green,*,*,*,名詞,一般,色彩語,*,*,*,malachite green,*,*
孔雀緑,*,*,*,名詞,一般,色彩語,*,*,*,孔雀緑,*,*
緑青色,*,*,*,名詞,一般,色彩語,*,*,*,緑青色,*,*
マリーゴールド,*,*,*,名詞,一般,色彩語,*,*,*,マリーゴールド,*,*
marigold,*,*,*,名詞,一般,色彩語,*,*,*,marigold,*,*
マリンブルー,*,*,*,名詞,一般,色彩語,*,*,*,マリンブルー,*,*
marine blue,*,*,*,名詞,一般,色彩語,*,*,*,marine blue,*,*
マルーン,*,*,*,名詞,一般,色彩語,*,*,*,マルーン,*,*
maroon,*,*,*,名詞,一般,色彩語,*,*,*,maroon,*,*
栗色,*,*,*,名詞,一般,色彩語,*,*,*,栗色,*,*
マヤブルー,*,*,*,名詞,一般,色彩語,*,*,*,マヤブルー,*,*
maya blue,*,*,*,名詞,一般,色彩語,*,*,*,maya blue,*,*
マンダリンオレンジ,*,*,*,名詞,一般,色彩語,*,*,*,マンダリンオレンジ,*,*
mandarin orange,*,*,*,名詞,一般,色彩語,*,*,*,mandarin orange,*,*
蜜柑色,*,*,*,名詞,一般,色彩語,*,*,*,蜜柑色,*,*
ミカドイエロー,*,*,*,名詞,一般,色彩語,*,*,*,ミカドイエロー,*,*
Mikado Yellow,*,*,*,名詞,一般,色彩語,*,*,*,Mikado Yellow,*,*
みかんいろ,*,*,*,名詞,一般,色彩語,*,*,*,みかんいろ,*,*
蜜柑色,*,*,*,名詞,一般,色彩語,*,*,*,蜜柑色,*,*
マンダリンオレンジ,*,*,*,名詞,一般,色彩語,*,*,*,マンダリンオレンジ,*,*
みずあさぎ,*,*,*,名詞,一般,色彩語,*,*,*,みずあさぎ,*,*
水浅葱,*,*,*,名詞,一般,色彩語,*,*,*,水浅葱,*,*
水浅黄,*,*,*,名詞,一般,色彩語,*,*,*,水浅黄,*,*
ミッドナイトブルー,*,*,*,名詞,一般,色彩語,*,*,*,ミッドナイトブルー,*,*
midnight blue,*,*,*,名詞,一般,色彩語,*,*,*,midnight blue,*,*
留紺,*,*,*,名詞,一般,色彩語,*,*,*,留紺,*,*
みどり,*,*,*,名詞,一般,色彩語,*,*,*,みどり,*,*
緑,*,*,*,名詞,一般,色彩語,*,*,*,緑,*,*
グリーン,*,*,*,名詞,一般,色彩語,*,*,*,グリーン,*,*
みどり,*,*,*,名詞,一般,色彩語,*,*,*,みどり,*,*
翠,*,*,*,名詞,一般,色彩語,*,*,*,翠,*,*
緑,*,*,*,名詞,一般,色彩語,*,*,*,緑,*,*
みなとねずみ,*,*,*,名詞,一般,色彩語,*,*,*,みなとねずみ,*,*
湊鼠,*,*,*,名詞,一般,色彩語,*,*,*,湊鼠,*,*
みるいろ,*,*,*,名詞,一般,色彩語,*,*,*,みるいろ,*,*
海松色,*,*,*,名詞,一般,色彩語,*,*,*,海松色,*,*
水松色,*,*,*,名詞,一般,色彩語,*,*,*,水松色,*,*
ミントグリーン,*,*,*,名詞,一般,色彩語,*,*,*,ミントグリーン,*,*
mint green,*,*,*,名詞,一般,色彩語,*,*,*,mint green,*,*
むしあお,*,*,*,名詞,一般,色彩語,*,*,*,むしあお,*,*
虫襖,*,*,*,名詞,一般,色彩語,*,*,*,虫襖,*,*
玉虫色,*,*,*,名詞,一般,色彩語,*,*,*,玉虫色,*,*
むしぐりいろ,*,*,*,名詞,一般,色彩語,*,*,*,むしぐりいろ,*,*
蒸栗色,*,*,*,名詞,一般,色彩語,*,*,*,蒸栗色,*,*
むらさき,*,*,*,名詞,一般,色彩語,*,*,*,むらさき,*,*
紫,*,*,*,名詞,一般,色彩語,*,*,*,紫,*,*
パープル,*,*,*,名詞,一般,色彩語,*,*,*,パープル,*,*
むらさきとび,*,*,*,名詞,一般,色彩語,*,*,*,むらさきとび,*,*
紫鳶,*,*,*,名詞,一般,色彩語,*,*,*,紫鳶,*,*
もえぎ,*,*,*,名詞,一般,色彩語,*,*,*,もえぎ,*,*
もえぎいろ,*,*,*,名詞,一般,色彩語,*,*,*,もえぎいろ,*,*
萌黄,*,*,*,名詞,一般,色彩語,*,*,*,萌黄,*,*
萌黄色,*,*,*,名詞,一般,色彩語,*,*,*,萌黄色,*,*
萌木色,*,*,*,名詞,一般,色彩語,*,*,*,萌木色,*,*
萌葱色,*,*,*,名詞,一般,色彩語,*,*,*,萌葱色,*,*
もえぎいろ,*,*,*,名詞,一般,色彩語,*,*,*,もえぎいろ,*,*
萌葱色,*,*,*,名詞,一般,色彩語,*,*,*,萌葱色,*,*
萌黄色,*,*,*,名詞,一般,色彩語,*,*,*,萌黄色,*,*
モーブ,*,*,*,名詞,一般,色彩語,*,*,*,モーブ,*,*
mauve,*,*,*,名詞,一般,色彩語,*,*,*,mauve,*,*
らんちゃ,*,*,*,名詞,一般,色彩語,*,*,*,らんちゃ,*,*
蘭茶,*,*,*,名詞,一般,色彩語,*,*,*,蘭茶,*,*
黄橡,*,*,*,名詞,一般,色彩語,*,*,*,黄橡,*,*
モスグリーン,*,*,*,名詞,一般,色彩語,*,*,*,モスグリーン,*,*
moss green,*,*,*,名詞,一般,色彩語,*,*,*,moss green,*,*
苔色,*,*,*,名詞,一般,色彩語,*,*,*,苔色,*,*
モスグレイモスグレー,*,*,*,名詞,一般,色彩語,*,*,*,モスグレイモスグレー,*,*
moss gray,*,*,*,名詞,一般,色彩語,*,*,*,moss gray,*,*
ようかんいろ,*,*,*,名詞,一般,色彩語,*,*,*,ようかんいろ,*,*
羊羹色,*,*,*,名詞,一般,色彩語,*,*,*,羊羹色,*,*
百塩茶,*,*,*,名詞,一般,色彩語,*,*,*,百塩茶,*,*
やなぎいろ,*,*,*,名詞,一般,色彩語,*,*,*,やなぎいろ,*,*
柳色,*,*,*,名詞,一般,色彩語,*,*,*,柳色,*,*
やまあいずり,*,*,*,名詞,一般,色彩語,*,*,*,やまあいずり,*,*
山藍摺,*,*,*,名詞,一般,色彩語,*,*,*,山藍摺,*,*
ゆうおう,*,*,*,名詞,一般,色彩語,*,*,*,ゆうおう,*,*
雄黄,*,*,*,名詞,一般,色彩語,*,*,*,雄黄,*,*
ゆうしょく,*,*,*,名詞,一般,色彩語,*,*,*,ゆうしょく,*,*
黝色,*,*,*,名詞,一般,色彩語,*,*,*,黝色,*,*
ゆるしいろ,*,*,*,名詞,一般,色彩語,*,*,*,ゆるしいろ,*,*
雄黄,*,*,*,名詞,一般,色彩語,*,*,*,雄黄,*,*
よもぎいろ,*,*,*,名詞,一般,色彩語,*,*,*,よもぎいろ,*,*
蓬色,*,*,*,名詞,一般,色彩語,*,*,*,蓬色,*,*
ライトサックスブルー,*,*,*,名詞,一般,色彩語,*,*,*,ライトサックスブルー,*,*
light saxe blue,*,*,*,名詞,一般,色彩語,*,*,*,light saxe blue,*,*
ライムライムグリーン,*,*,*,名詞,一般,色彩語,*,*,*,ライムライムグリーン,*,*
limelime green,*,*,*,名詞,一般,色彩語,*,*,*,limelime green,*,*
ライラック,*,*,*,名詞,一般,色彩語,*,*,*,ライラック,*,*
lilac,*,*,*,名詞,一般,色彩語,*,*,*,lilac,*,*
らくだいろ,*,*,*,名詞,一般,色彩語,*,*,*,らくだいろ,*,*
駱駝色,*,*,*,名詞,一般,色彩語,*,*,*,駱駝色,*,*
キャメル,*,*,*,名詞,一般,色彩語,*,*,*,キャメル,*,*
ラズベリー,*,*,*,名詞,一般,色彩語,*,*,*,ラズベリー,*,*
raspberry,*,*,*,名詞,一般,色彩語,*,*,*,raspberry,*,*
ラセット,*,*,*,名詞,一般,色彩語,*,*,*,ラセット,*,*
ラセットブラウン,*,*,*,名詞,一般,色彩語,*,*,*,ラセットブラウン,*,*
russetrusset brown,*,*,*,名詞,一般,色彩語,*,*,*,russetrusset brown,*,*
赤褐色,*,*,*,名詞,一般,色彩語,*,*,*,赤褐色,*,*
小豆色,*,*,*,名詞,一般,色彩語,*,*,*,小豆色,*,*
ラベンダー,*,*,*,名詞,一般,色彩語,*,*,*,ラベンダー,*,*
lavender,*,*,*,名詞,一般,色彩語,*,*,*,lavender,*,*
ランプブラック,*,*,*,名詞,一般,色彩語,*,*,*,ランプブラック,*,*
lamp black,*,*,*,名詞,一般,色彩語,*,*,*,lamp black,*,*
リーフグリーン,*,*,*,名詞,一般,色彩語,*,*,*,リーフグリーン,*,*
leaf green,*,*,*,名詞,一般,色彩語,*,*,*,leaf green,*,*
りかんちゃ,*,*,*,名詞,一般,色彩語,*,*,*,りかんちゃ,*,*
璃寛茶,*,*,*,名詞,一般,色彩語,*,*,*,璃寛茶,*,*
りきゅういろ,*,*,*,名詞,一般,色彩語,*,*,*,りきゅういろ,*,*
利休色,*,*,*,名詞,一般,色彩語,*,*,*,利休色,*,*
抹茶色,*,*,*,名詞,一般,色彩語,*,*,*,抹茶色,*,*
りきゅうしらちゃ,*,*,*,名詞,一般,色彩語,*,*,*,りきゅうしらちゃ,*,*
利休白茶,*,*,*,名詞,一般,色彩語,*,*,*,利休白茶,*,*
りきゅうちゃ,*,*,*,名詞,一般,色彩語,*,*,*,りきゅうちゃ,*,*
利休茶,*,*,*,名詞,一般,色彩語,*,*,*,利休茶,*,*
りきゅうなまかべ,*,*,*,名詞,一般,色彩語,*,*,*,りきゅうなまかべ,*,*
利休生壁,*,*,*,名詞,一般,色彩語,*,*,*,利休生壁,*,*
りきゅうねず,*,*,*,名詞,一般,色彩語,*,*,*,りきゅうねず,*,*
りきゅうねずみ,*,*,*,名詞,一般,色彩語,*,*,*,りきゅうねずみ,*,*
利休鼠,*,*,*,名詞,一般,色彩語,*,*,*,利休鼠,*,*
リバーブルー,*,*,*,名詞,一般,色彩語,*,*,*,リバーブルー,*,*
river blue,*,*,*,名詞,一般,色彩語,*,*,*,river blue,*,*
ろくしょういろ,*,*,*,名詞,一般,色彩語,*,*,*,ろくしょういろ,*,*
りょくしょういろ,*,*,*,名詞,一般,色彩語,*,*,*,りょくしょういろ,*,*
緑青色,*,*,*,名詞,一般,色彩語,*,*,*,緑青色,*,*
マラカイトグリーン,*,*,*,名詞,一般,色彩語,*,*,*,マラカイトグリーン,*,*
りんどういろ,*,*,*,名詞,一般,色彩語,*,*,*,りんどういろ,*,*
竜胆色,*,*,*,名詞,一般,色彩語,*,*,*,竜胆色,*,*
ルビーレッド,*,*,*,名詞,一般,色彩語,*,*,*,ルビーレッド,*,*
ruby red,*,*,*,名詞,一般,色彩語,*,*,*,ruby red,*,*
るりいろ,*,*,*,名詞,一般,色彩語,*,*,*,るりいろ,*,*
瑠璃色,*,*,*,名詞,一般,色彩語,*,*,*,瑠璃色,*,*
ラピスラズリ,*,*,*,名詞,一般,色彩語,*,*,*,ラピスラズリ,*,*
レグホーン,*,*,*,名詞,一般,色彩語,*,*,*,レグホーン,*,*
レグホン,*,*,*,名詞,一般,色彩語,*,*,*,レグホン,*,*
leghorn,*,*,*,名詞,一般,色彩語,*,*,*,leghorn,*,*
レッド,*,*,*,名詞,一般,色彩語,*,*,*,レッド,*,*
red,*,*,*,名詞,一般,色彩語,*,*,*,red,*,*
赤,*,*,*,名詞,一般,色彩語,*,*,*,赤,*,*
レモンイエロー,*,*,*,名詞,一般,色彩語,*,*,*,レモンイエロー,*,*
レモンいろ,*,*,*,名詞,一般,色彩語,*,*,*,レモンいろ,*,*
lemon yellow,*,*,*,名詞,一般,色彩語,*,*,*,lemon yellow,*,*
檸檬色,*,*,*,名詞,一般,色彩語,*,*,*,檸檬色,*,*
ロイヤルブルー,*,*,*,名詞,一般,色彩語,*,*,*,ロイヤルブルー,*,*
royal blue,*,*,*,名詞,一般,色彩語,*,*,*,royal blue,*,*
ろいろろういろ,*,*,*,名詞,一般,色彩語,*,*,*,ろいろろういろ,*,*
呂色,*,*,*,名詞,一般,色彩語,*,*,*,呂色,*,*
蝋色,*,*,*,名詞,一般,色彩語,*,*,*,蝋色,*,*
ローアンバー,*,*,*,名詞,一般,色彩語,*,*,*,ローアンバー,*,*
raw umber,*,*,*,名詞,一般,色彩語,*,*,*,raw umber,*,*
ローシェンナ,*,*,*,名詞,一般,色彩語,*,*,*,ローシェンナ,*,*
raw sienna,*,*,*,名詞,一般,色彩語,*,*,*,raw sienna,*,*
ローズ,*,*,*,名詞,一般,色彩語,*,*,*,ローズ,*,*
rose,*,*,*,名詞,一般,色彩語,*,*,*,rose,*,*
薔薇色,*,*,*,名詞,一般,色彩語,*,*,*,薔薇色,*,*
ローズグレイ,*,*,*,名詞,一般,色彩語,*,*,*,ローズグレイ,*,*
ローズグレー,*,*,*,名詞,一般,色彩語,*,*,*,ローズグレー,*,*
rose gray,*,*,*,名詞,一般,色彩語,*,*,*,rose gray,*,*
ローズピンク,*,*,*,名詞,一般,色彩語,*,*,*,ローズピンク,*,*
rose pink,*,*,*,名詞,一般,色彩語,*,*,*,rose pink,*,*
ローズマダー,*,*,*,名詞,一般,色彩語,*,*,*,ローズマダー,*,*
rose madder,*,*,*,名詞,一般,色彩語,*,*,*,rose madder,*,*
ローズレッド,*,*,*,名詞,一般,色彩語,*,*,*,ローズレッド,*,*
rose red,*,*,*,名詞,一般,色彩語,*,*,*,rose red,*,*
ろこうちゃ,*,*,*,名詞,一般,色彩語,*,*,*,ろこうちゃ,*,*
路考茶,*,*,*,名詞,一般,色彩語,*,*,*,路考茶,*,*
ワインレッド,*,*,*,名詞,一般,色彩語,*,*,*,ワインレッド,*,*
ワインカラー,*,*,*,名詞,一般,色彩語,*,*,*,ワインカラー,*,*
wine red,*,*,*,名詞,一般,色彩語,*,*,*,wine red,*,*
wine color,*,*,*,名詞,一般,色彩語,*,*,*,wine color,*,*
葡萄色,*,*,*,名詞,一般,色彩語,*,*,*,葡萄色,*,*
わかくさいろ,*,*,*,名詞,一般,色彩語,*,*,*,わかくさいろ,*,*
若草色,*,*,*,名詞,一般,色彩語,*,*,*,若草色,*,*
わかたけいろ,*,*,*,名詞,一般,色彩語,*,*,*,わかたけいろ,*,*
若竹色,*,*,*,名詞,一般,色彩語,*,*,*,若竹色,*,*
わかばいろ,*,*,*,名詞,一般,色彩語,*,*,*,わかばいろ,*,*
若葉色,*,*,*,名詞,一般,色彩語,*,*,*,若葉色,*,*
わかみどり,*,*,*,名詞,一般,色彩語,*,*,*,わかみどり,*,*
若緑,*,*,*,名詞,一般,色彩語,*,*,*,若緑,*,*
わさびいろ,*,*,*,名詞,一般,色彩語,*,*,*,わさびいろ,*,*
山葵色,*,*,*,名詞,一般,色彩語,*,*,*,山葵色,*,*
わすれなぐさいろ,*,*,*,名詞,一般,色彩語,*,*,*,わすれなぐさいろ,*,*
勿忘草色,*,*,*,名詞,一般,色彩語,*,*,*,勿忘草色,*,*
フォゲットミーノット,*,*,*,名詞,一般,色彩語,*,*,*,フォゲットミーノット,*,*
