色,R,G,B,名前,漢字・英語,同色・混同色,備考,マンセル
#5D8165,93,129,101,アーモンドグリーン,almond green,山葵色,アーモンドの未熟果の色,
#1A4472,26,68,114,アイアンブルーJIS,iron blue,紺青,青色顔料紺青の色,
#0F5474,15,84,116,あいいろJIS,藍色,インディゴ,アイで染めた色,
#5E7C85,94,124,133,あいけねずみ,藍気鼠,藍鼠,→あいねず,
#475189,71,81,137,あいさびいろ,藍錆色,,,
#CCE7D3,204,231,211,アイスグリーン,ice green,,厚い氷の色,
#243250,36,50,80,あいてついろ,藍鉄色,,,
#5E7C85,94,124,133,あいねずJIS・あいねずみ,藍鼠,藍気鼠,,
#487C38,72,124,56,アイビーグリーンJIS,ivy green,,キヅタの葉の色,
#F3ECD8,243,236,216,アイボリーJIS・アイボリーホワイト,ivory・ivory white,象牙色,象牙の色,
#333132,51,49,50,アイボリーブラック,ivory black,,,
#5C5D31,92,93,49,あいみるちゃ,藍海松茶,,,
#547443,84,116,67,あいりきゅう,藍利休,利休藍,,
#0067C0,0,103,192,あおJIS,青・蒼・藍・碧,ブルー,基本色名,
#23274F,35,39,79,あおかち,青褐,,,
#F4E511,244,229,17,あおき,青黄,,印刷用．青みを帯びた黄,
#83866C,131,134,108,あおしろつるばみ,青白橡,麹塵,ヤマバトの羽の色,
#283446,40,52,70,あおずみ,青墨,,,
#72BAA7,114,186,167,あおたけいろJIS,青竹色,,竹の幹の色,
#798543,121,133,67,あおに,青丹,,青土の色．枕詞「あおによし」,
#52695D,82,105,93,あおにびあおにぶ,青鈍,,尼の僧衣に用いられた,
#00AE95,0,174,149,あおみどりJIS,青緑,ブルーグリーン,基本色名,
#6F51A1,111,81,161,あおむらさきJIS,青紫,パープルブルー・バイオレット,基本色名,
#ED1A3D,237,26,61,あかJIS,赤・紅・朱・緋・丹,レッド,基本色名・光の三原色,
#FFC800,255,200,0,あかき,赤黄,,印刷用．赤みを帯びた黄,
#DC8551,220,133,81,あかくちば,赤朽葉,,,
#FBBD8E,251,189,142,あかこう,赤香,,,
#84331F,132,51,31,あかさびいろJIS,赤錆色,,赤錆の色,
#4C2E30,76,46,48,あかずみ,赤墨,,,
#F15A22,241,90,34,あかだいだいJIS,赤橙,朱色,,
#B4533C,180,83,60,あかちゃJIS,赤茶,,,
#B22D35,178,45,53,あかねいろJIS,茜色,,アカネの根で染めた色,
#F067A6,240,103,166,あかむらさきJIS,赤紫,レッドパープル,基本色名,
#88bfbf,136,191,191,アクアグリーン,aqua green,ウォーターグリーン,緑色を帯びた水の色,
#AFDFE4,175,223,228,アクアアクアブルー,aquaaqua blue,水色・ウォーターブルー,澄んだ水の色,
#006F86,0,111,134,アクアマリン,aquamarine,,宝石アクアマリンの色,
#948562,148,133,98,あくいろ,灰汁色,,灰汁の色,
#ED1A3D,237,26,61,あけ,赤・朱・緋,レッド,→あか,
#F9AA8F,249,170,143,あけぼのいろ,曙色,東雲色,夜明けの空の色,
#FFCC33,255,204,51,あさき・あさぎあさきいろ・あさぎいろ,浅黄・浅黄色,浅葱・浅葱色,カリヤスと灰汁で染めた色。浅葱色と混同,
#00A4AC,0,164,172,あさぎ・あさぎいろJIS,浅葱・浅葱色,浅黄・浅黄色,薄いネギの葉の色。新選組の羽織の色浅黄色混同,
#67A7CC,103,167,204,あさはなだ・あさきはなだ,浅縹,,,
#DE7C6B,222,124,107,あさひ,浅緋,,,
#84C98B,132,201,139,あさみどり,浅緑,,,
#CD4187,205,65,135,アザレア,azalea,躑躅色,ツツジの花の色,
#FF3399,255,51,153,アザレアピンク,azalea pink,躑躅色,ツツジの花の色,
#98514B,152,81,75,あずきいろ,小豆色,ラセットブラウン,アズキの実の色,
#949593,148,149,147,アッシュグレイJIS・アッシュグレー,ash grey,灰色,やや青い灰のような色,
#96C78C,150,199,140,アップルグリーンJIS,apple green,,青リンゴの実の色,
#A99663,169,150,99,あぶらいろ,油色,,菜種油の色,
#FAB280,250,178,128,アプリコットJIS,apricot,杏色,アンズの実の色,
#E8DABE,232,218,190,あまいろ,亜麻色,エクルベージュ,亜麻の繊維の色,
#65BBE9,101,187,233,あまいろあめいろ,天色,空色,空の色,
#E5B36E,229,179,110,あめいろ,飴色,,水飴の色,
#9E76B4,158,118,180,アメシスト・アメジスト,amethyst,,宝石アメジストの色,
#C77EB5,199,126,181,あやめいろJIS,菖蒲色,,アヤメの花の色,
#FDD2B9,253,210,185,あらいがき,洗柿,,渋柿で染めた色,
#E27A5E,226,122,94,あらいしゅ,洗朱,,,
#F0F8FF,240,248,255,アリスブルー,Alice blue,,,
#7D415E,125,65,94,あんこうしょく,暗紅色・殷紅色,,,
#00001C,0,0,28,あんこくしょく,暗黒色,,,
#FAB27B,250,178,123,あんずいろJIS,杏色・杏子色,アプリコット,アンズの実の色,
#1A4472,26,68,114,アントワープブルー,Antwerp blue,紺青,青色顔料紺青の色,
#B97E54,185,126,84,アンバーJIS,amber,琥珀色,コハクの色,
#005133,0,81,51,あんりょくしょく,暗緑色,,,
#FFD800,255,216,0,イエローJIS,yellow,黄色,基本色名・色の三原色,
#BB8B38,187,139,56,イエローオーカーJIS,yellow ocher,黄土色,褐色顔料黄土の色,
#B2D235,178,210,53,イエローグリーン,yellow green,黄緑,基本色名,
#F36C21,243,108,33,イエローレッド,yellow red,黄赤・オレンジ,基本色名,
#F1E266,241,226,102,いおういろ,硫黄色,サルファーイエロー,イオウの色,
#BAB454,186,180,84,いこうちゃ,威光茶,柳茶,,
#B45460,180,84,96,いちごいろ,苺色,ストロベリー,イチゴの実の色,
#F9AE94,249,174,148,いっこんぞめ・いっきんぞめ,一斤染,,ベニバナ一斤で絹一疋を染めた色,
#C75467,199,84,103,いまよう・いまよういろ,今様・今様色,,平安時代の流行色,
#7D415E,125,65,94,いんこうしょく,殷紅色,暗紅色,→あんこうしょく,
#003F8E,0,63,142,インクブルー,ink blue,,国鉄色、青15号,
#E3A857,227,168,87,インディアンイエロー,Indian yellow,,,
#F69679,246,150,121,インディアンレッド・インドあか,Indian red・印度赤,,インド産のベンガラの色,
#074770,7,71,112,インディゴ・インジゴ,indigo,藍色,インド藍の色,
#F26649,242,102,73,ヴァーミリオン,vermilion・vermillion,銀朱・朱色・シナバー,→バーミリオン,
#905740,144,87,64,ヴァンダイクブラウン,Van Dyck brown,,→バンダイクブラウン,
#8689C3,134,137,195,ウィスタリアJIS・ウィステリア,wistaria・wisteria,藤色,フジの花の色,
#a5c9c1,165,201,193,ウォーターグリーン,water green,アクアグリーン,緑色を帯びた水の色,
#AFDFE4,175,223,228,ウォーターブルー,water blue,水色・アクア,澄んだ水の色,
#918D40,145,141,64,うぐいすいろJIS,鶯色,,ウグイスの羽の色,
#6D5826,109,88,38,うぐいすちゃJIS,鶯茶,,ウグイスの背の色,
#FDB933,253,185,51,うこんいろJIS,鬱金色,,ウコンの根で染めた色,
#97C3D0,151,195,208,うすあい,薄藍,,,
#93b69c,147,182,156,うすあお,薄青,,,
#FDE8E9,253,232,233,うすいろ,薄色,,2種類の薄色がある[1]。こちらは紅花で染色したもの。,
#BAA4C4,186,164,196,うすいろ,薄色,,紫根によって染色されたもの。『延喜式』縫殿寮に記されている[2]。,
#F69896,246,152,150,うすくれない,薄紅,,,
#6283C2,98,131,194,うすぐんじょう,薄群青,,,
#F2DFBB,242,223,187,うすこう,薄香,,,
#F6BABC,246,186,188,うすこうばい,薄紅梅,,,
#939598,147,149,152,うすずみいろ,薄墨色,,喪服などに用いる,
#FEDCBD,254,220,189,うすだいだい,薄橙,ペールオレンジ・肌色,肌色の表現を避けるために使用,
#FFEFCF,255,239,207,うすたまごいろ,薄卵色,,,
#C5956B,197,149,107,うすちゃ,薄茶,ペールブラウン,,
#B1B3B6,177,179,182,うすにびいろ・うすにぶいろ,薄鈍色,,,
#928E9E,146,142,158,うすねず・うすねずみ,薄鼠,,,
#6EA4CA,110,164,202,うすはないろ,薄花色,,,
#ADCDEC,173,205,236,うすはなざくら,薄花桜,,薄い桜色の場合もある,
#9BC9D5,155,201,213,うすはなだ,薄縹,,,
#67A7CC,103,167,204,うすきはなだ,浅縹,,→あさはなだ,
#CEE6C1,206,230,193,うすみどり,薄緑・淡緑,淡緑色,,
#948060,148,128,96,うつぶしいろ,空五倍子色,,ヌルデノミミフシのつくる虫こぶで染めた色,
#f7fcfe,247,252,254,うのはないろ,卯の花色,,,
#B97E5A,185,126,90,うめぞめ,梅染,,紅梅の根で染めた色,
#B9909E,185,144,158,うめねず,梅鼠,,,
#D3E8C1,211,232,193,うらばやなぎ,裏葉柳,,ヤナギの葉の裏の色,
#465DAA,70,93,170,ウルトラマリン・ウルトラマリンブルーJIS,ultramarine・ultramarine blue,群青色,青色顔料ウルトラマリンの色．,
#D75F55,215,95,85,うるみしゅ,潤朱,,,
#F4E0C4,244,224,196,エクリュエクルベージュJIS,écruecru beige,亜麻色・生成色,さらしていない麻や絹の色,
#C38559,195,133,89,えどちゃ,江戸茶,,江戸時代前期に流行,
#6D5498,109,84,152,えどむらさきJIS,江戸紫,,江戸を象徴する紫,
#30583B,48,88,59,エバーグリーン,evergreen,常磐色・千歳緑,常緑樹の葉の色,
#691C2A,105,28,42,えびいろ,海老色・蝦色,葡萄色,イセエビの甲羅の色,
#691C2A,105,28,42,えびいろ,葡萄色,海老色・ワインレッド,エビヅルやヤマブドウの実の色,
#7E5767,126,87,103,えびぞめ,葡萄染,,エビヅルやヤマブドウの実で染めた色,
#7C4036,124,64,54,えびちゃJIS,海老茶・葡萄茶,,明治時代の女学生の袴に多く用いられた,
#474931,71,73,49,エボニー,ebony,,コクタンの色,
#00B379,0,179,121,エメラルドグリーンJIS,emerald green,,宝石エメラルドの色,
#7A903E,122,144,62,エルムグリーン,elm green,,ハルニレの葉の色,
#B3424A,179,66,74,えんじJIS・えんじいろ,臙脂・臙脂色,,生臙脂で染めた色,
#E66B58,230,107,88,えんたんいろJIS,鉛丹色,,赤色顔料鉛丹の色,
#EDF0E0,237,240,224,オイスターホワイト,oyster white,牡蠣色,カキの身の色,
#769164,118,145,100,おいたけいろ,老竹色,,,
#C69E6E,198,158,110,おうかっしょく,黄褐色,バフ,,
#9B92C6,155,146,198,おうち・おうちいろ,楝・樗楝色・樗色,,センダンの花の色,
#BA8448,186,132,72,おうどいろJIS,黄土色,イエローオーカー,褐色顔料黄土の色,
#F47A55,244,122,85,おうにJIS・おうだん,黄丹,,クチナシとベニバナで染めた高貴な色,
#B2D235,178,210,53,おうりょくしょく,黄緑色,,→きみどり,
#BB8B38,187,139,56,オーカー,ocher,黄土色,→イエローオーカー,
#1A4472,26,68,114,おおかみいろ,狼色,紺青,青色顔料紺青の色,
#D2A3CB,210,163,203,オーキッドJIS,orchid,,代表的なランの花の色,
#D5848C,213,132,140,オールドローズJIS,old rose,,褪せたバラの色,
#007C8A,0,124,138,おなんどいろ,御納戸色,,→なんどいろ,
#2A6E6B,42,110,107,おなんどちゃ,御納戸茶,,→なんどちゃ,
#B4DDC0,180,221,192,オパールグリーン・オパールいろ,opal green・オパール色,,宝石オパールの色,
#FFF9EE,255,249,238,オフホワイト,off white,生成色,ウェディングドレスに多い,
#848455,132,132,85,おめしちゃ,御召茶,,,
#6D5F1A,109,95,26,オリーブJIS・オリーブいろ,olive・オリーブ色,,オリーブの実の色,
#576128,87,97,40,オリーブグリーンJIS,olive green,,オリーブの葉の色,
#6E6339,110,99,57,オリーブドラブJIS,olive drab,OD色,軍用車両・軍服に用いられる,
#3155A6,49,85,166,オリエンタルブルーJIS,oriental blue,チャイナブルー,陶磁器に用いる色,
#F58220,245,130,32,オレンジJIS・オレンジいろ,orangeオレンジ色,橙色・黄赤,オレンジの実の色,
#B18B55,177,139,85,カーキカーキーJIS,Khaki,黄土色・砂色・国防色・バフ・オリーブドラブ,ヒンディー語で泥土色,
#B1221A,177,34,26,カーディナル・カーディナルレッド,cardinal・cardinal red,,カージナルとも。枢機卿の礼服の色,
#691C23,105,28,35,ガーネット,garnet,,宝石ガーネットの色,
#D11C2C,209,28,44,カーマインJISカーミン,carmine,洋紅,コチニールカイガラムシからとれる色,
#E6E7E8,230,231,232,かいはくしょく,灰白色,,,
#5B8063,91,128,99,かいりょくしょく,灰緑色,灰緑,,
#8AC75A,138,199,90,かいりょくしょく,海緑色,シーグリーン,海の緑色,
#F3704B,243,112,75,かきいろ,柿色,,カキ(柿)の実の色,
#EDF0E0,237,240,224,かきいろ,牡蠣色,オイスターホワイト,カキ(牡蠣)の身の色,
#B45332,180,83,50,かきちゃ,柿茶,,,
#4B5EAA,75,94,170,かきつばたいろJIS,杜若色・燕子花色,,カキツバタの花の色,
#FCBB76,252,187,118,かぞういろ,萱草色,,→かんぞういろ,
#4D5269,77,82,105,かちいろJIS・かちんいろ,褐色・搗色・勝色,飾磨紺,濃い藍色．縁起を担いで用いる,
#2B4C5A,43,76,90,かちがえし,褐返し,,他の色に藍を重ねたもの,
#843900,132,57,0,かっしょくJIS,褐色,茶色・ブラウン,,
#FAC61E,250,198,30,カドミウムイエロー,cadmium yellow,,黄色顔料カドミウムイエローの色。カドミウムオレンジ＆レッドもこの項目参照。カドミウムグリーンは当独立項目参照。,
#FFEF6C,255,239,108,カナリーイエローJIS・カナリアいろ,canary yellow・金糸雀色・金絲雀色,,カナリヤとも。カナリアの羽の色,
#AE5039,174,80,57,かばいろJIS,樺色,蒲色,ダケカンバやカバザクラの樹皮の色,
#AE5039,174,80,57,かばいろ,蒲色,樺色,ガマの穂の色,
#995D46,153,93,70,かばちゃ,樺茶・蒲茶,,,
#94D6DA,148,214,218,かめのぞきJIS,瓶覗・甕覗,覗色,白い布を少しだけ藍瓶に浸した色（覗くとは「少しだけ浸す」の意味）もしくは瓶に映った空の色,
#006956,0,105,86,かものはいろ,鴨の羽色,ティールグリーンティールブルー,マガモのオスの首の色,
#D71345,215,19,69,からくれないJIS,唐紅・韓紅・韓紅花,紅色,鮮やかな濃い紅色、韓より外来した紅の意,
#C9AB53,201,171,83,からしいろJIS,芥子色・辛子色,,からしの色,
#180614,24,6,20,からすばいろ,烏羽色,濡烏・濡羽色,艶やかなカラスの羽の色,
#90563C,144,86,60,からちゃ,枯茶・唐茶,,,
#F0DC70,240,220,112,かりやすいろJIS,苅安色,,カリヤスで染めた色,
#D11C2C,209,28,44,カルミン,karmijn,,→カーマイン,
#E7C694,231,198,148,かれいろ・かれくさいろ,枯色・枯草色,枯草色,草木の枯れた色,
#3D5C4C,61,92,76,かわいろ,革色,,革の染色に多用された色,
#B77055,183,112,85,かわらけいろ,土器色,,土器の色,
#FAA755,250,167,85,かんじいろ,柑子色,,→こうじいろ,
#FCBB76,252,187,118,かんぞういろ・かぞういろ,萱草色,,カンゾウの花の色,
#58535E,88,83,94,ガンメタルグレイ・ガンメタルグレー,gunmetal gray,,銃身の色．本来は砲金の色,
#FFD400,255,212,0,ききいろJIS,黄黄色,イエロー,基本色名・色の三原色,
#F36C21,243,108,33,きあかJIS,黄赤,イエローレッド・オレンジ,基本色名,
#7E5435,126,84,53,きがらちゃ,黄枯茶・黄唐茶,,,
#585EAA,88,94,170,ききょういろJIS,桔梗色,,キキョウの花の色,
#7D8361,125,131,97,きくじん,麹塵,山鳩色,コウジカビの出す色．高貴,
#FCAF17,252,175,23,きだいだい,黄橙,イエローオレンジ・ゴールデンイエロー,黄色と橙色の中間色,
#BB6421F,187,100,33,きちゃJIS,黄茶,,,
#C27526,194,117,38,きつねいろ,狐色,,キツネの毛の色．ほどよい焦げ目の形容,
#BB8C58,187,140,88,きつるばみ,黄橡,木蘭,,
#F6F5EA,246,245,234,きなりいろJIS,生成色,エクルベージュ,染色や脱色をしていない生地の色,
#FCF16E,252,241,110,きはだいろJIS,黄蘗色,,キハダの樹皮で染めた色,
#B2D235,178,210,53,きみどりJIS,黄緑,イエローグリーン,基本色名,
#BB8D5F,187,141,95,キャメル,camel,駱駝色,ラクダの毛の色,
#E4AB7B,228,171,123,きゃらいろ,伽羅色,,伽羅で染めた色,
#DD6B3D,221,107,61,キャロットオレンジJIS,carrot orange,人参色,ニンジンの根の色,
#825C8C,130,92,140,きょうむらさき,京紫,,古代紫を継ぐ正統の紫,
#EF4123,239,65,35,きんあかJIS,金赤,ブロンズレッド,印刷用．黄みの赤,
,,,,きんいろJISこんじき,金色,黄金色・ゴールド,金の色．金属光沢をもつ,
,,,,ぎんいろJIS,銀色,白銀色・シルバー,銀の色．金属光沢をもつ,
#A1A3A6,161,163,166,ぎんかいしょく,銀灰色,銀鼠・シルバーグレー,,
#F26649,242,102,73,ぎんしゅ,銀朱,バーミリオン,硫化水銀に人工の朱色,
#E0861A,224,134,26,きんちゃJIS,金茶,,,
#A1A3A6,161,163,166,ぎんねずJIS・ぎんねずみ,銀鼠,銀灰色・シルバーグレー,,
#6D8346,109,131,70,くさいろJIS,草色,グラスグリーン,草の葉の色,
#FFD768,255,215,104,くちなしいろ,支子色・梔子色,,クチナシの実の色,
#896A45,137,106,69,くちばくちばいろJIS,朽葉朽葉色,,枯れた葉の色,
#6D8346,109,131,70,グラスグリーンJIS,grass green,草色,草の葉の色,
#FFEDB3,255,237,179,クリームいろ,cream yellow・クリーム色,,カスタードクリームの色,
#722F10,114,47,16,くりいろJIS,栗色,チェスナットブラウン・マルーン,クリの実の色,
#624722,98,71,34,くりいろ,涅色,,水底に淀む土の色,
#00B16B,0,177,107,グリーンJIS・グリン,green,緑,基本色名・光の三原色,
#883B28,136,59,40,くりうめ,栗梅,,,
#DC143C,220,20,60,クリムゾン・クリムソン,crimson,,ハーバード大学のスクールカラー,
#B76F43,183,111,67,くるみいろ,胡桃色,,クルミの実の色,
#77787B,119,120,123,グレイJIS・グレー,gray・grey,灰色・鼠色,一般に白と黒の中間,
#C22047,194,32,71,くれないいろ,紅色,唐紅・韓紅・韓紅花,紅花の花弁で染めた色,
#2A2A2A,42,42,42,くろJIS,黒,ブラック,基本色名,
#005344,0,83,68,くろがねいろ,鉄色,,鉄の色．→てついろ,
#4B2D1C,75,45,28,くろちゃJIS,黒茶,,,
#A5A0CF,165,160,207,クロッカス,crocus,,クロッカスの黄色い花の色,
#282928,40,41,40,くろつるばみ,黒橡,,,
#FFCB05,255,203,5,クロムイエローJIS・クロームイエロー,chrome yellow,,,
#006B3E,0,107,62,クロムグリーン・クロームグリーン,chrome green,,クロムイエローと紺青を混ぜたものの色,
#A78952,167,137,82,くわぞめ,桑染,,クワの樹皮で染めた色,
#AF7632,175,118,50,くわちゃ,桑茶,,,
#465DAA,70,93,170,ぐんじょういろJIS,群青色,ウルトラマリンブルー,,
#4D4D4F,77,77,79,けしずみいろ,消炭色,チャコールグレー,消し炭の色,
#5C3B54,92,59,84,けしむらさきめっし,滅紫,,,
#57462B,87,70,43,けんぽういろ,憲法色,,吉岡憲法の考案した染色,
#0D2A52,13,42,82,こいあいJIS・こあい,濃藍,,,
#882255,136,34,85,こいあかむらさき,濃赤紫,,三菱鉛筆が使用する色名正しくは「濃い赤紫」,
#584F5B,88,79,91,こいねずこいねずみ,濃鼠,,,
#D1AC76,209,172,118,こういろ,香色,,チョウジやニッケイで染めた色,
#954C93,149,76,147,こうし,紅紫,,美しい色の形容,
#EC008C,236,0,140,こうししょく,紅紫色,マゼンタ,,
#FAA755,250,167,85,こうじいろJIS,柑子色,,コウジの実の色,
#F69C9F,246,156,159,こうばいいろJIS,紅梅色,,ウメの赤い花の色,
#816229,129,98,41,こうろぜん,黄櫨染,,ハゼノキで下染めし、蘇芳・紫紺で上掛けした最も高貴な色,
#7D4A31,125,74,49,コーヒーブラウン,coffee brown,,コーヒーの色,
#F8A7A0,248,167,160,コーラルレッドJIS,coral red,珊瑚色,アカサンゴの色,
#FBB161,251,177,97,ゴールデンイエローJIS,golden yellow,黄橙,,
#B27737,178,119,55,ゴールデンオリーブ,golden olive,,,
,,,,ゴールド,gold,金色・黄金色,金の色金属光沢をもつ,
#6495ED,100,149,237,コーンフラワーブルー,cornflower blue,,ヤグルマギクの花の色,
,,,,こがねいろ,黄金色,ゴールド・山吹色,金の色．→きんいろ,
#B36D4D,179,109,77,こがれこう,焦香,,,
#6C4851,108,72,81,こきいろ,濃色,,,
#274765,39,71,101,こきはなだ,深縹・紺,,縹色をより濃く染めたものふかきはなだ、とも,
#c9171e,201,23,30,こきひ,深緋,,,
#806830,128,104,48,こくぼうしょく,国防色,カーキー,旧陸軍の軍服に使われた色,
#63822D,99,130,45,こけいろJIS,苔色,モスグリーン,コケの色,
#6B493D,107,73,61,こげちゃJIS,焦茶,,,
#875647,135,86,71,ココアブラウンJIS,cocoa brown,,ココアの色,
#7D5484,125,84,132,こだいむらさきJIS,古代紫,,奈良時代・平安時代に尊ばれた色,
#C53258,197,50,88,コチニールレッドJIS,cochineal red,洋紅・カーマイン,コチニールカイガラムシからとった色,
#584F5B,88,79,91,こねずこねずみ,濃鼠,,→こいねず,
#B76F3B,183,111,59,こはくいろJIS,琥珀色,アンバー,コハクの色,
#40BA8D,64,186,141,コバルトグリーンJIS,cobalt green,,,
#0072BC,0,114,188,コバルトブルーJIS・コバルトいろ,cobalt blue・コバルト色,,,
#6E673F,110,103,63,こびちゃ,媚茶,,ヤマモモの皮で染めた色,
#FFFEF9,255,254,249,ごふんいろJIS,胡粉色,,白色顔料胡粉の色,
#E19661,225,150,97,こむぎいろJIS,小麦色,,コムギの種子の日焼けした肌の形容,
#BA8D65,186,141,101,コルクJIS,cork,,コルクの色,
#464A88,70,74,136,こんあいJIS,紺藍,,,
#233B6C,35,59,108,こんいろJIS,紺色,,藍染めの最も濃い色,
,,,,こんじき,金色,ゴールド,→きんいろ,
#1A4472,26,68,114,こんじょうJIS,紺青,プルシアンブルーほか,青色顔料紺青の色,
#694F94,105,79,148,こんじょう,紺青・金青,,藍銅鉱から得られる顔料の色,
#0F1A45,15,26,69,こんてつ,紺鉄,,→てつこん,
#5AB9C1,90,185,193,こんぱるいろ,金春色,新橋色,,
#224B8F,34,75,143,こんるり,紺瑠璃,,→るりこん,
#EE7948,238,121,72,サーモンピンクJIS,salmon pink,,サケの肉の色,
#FEEEED,254,238,237,さくらいろJIS,桜色,,サクラの花の色,
#2E87A1,46,135,161,サックスブルーJIS・サクソニーブルー,saxe blue・Saxony blue,,ザクセンにちなむ色サクソンブルー(Saxon blue)とも,
#508A88,80,138,136,さびあさぎJIS,錆浅葱,,,
#6A3427,106,52,39,さびいろJIS,錆色,,鉄の錆の色,
#395A5B,57,90,91,さびねず,錆鼠,,藍鼠と白茶の混色,
#0054A6,0,84,166,サファイアブルー・サファイアいろ,sapphire blue・サファイア色,,宝石サファイアの色,
#FFCC40,255,204,64,サフランイエロー・サフランいろ,saffron yellow・サフラン色,,サフランの雌しべで染めた色,
#CEC5F0,206,197,240,サフランいろ,サフラン色,,サフランの花の色,
#F1E266,241,226,102,サルファーイエロー,sulfur yellow,硫黄色,イオウの色,
#F8A7A0,248,167,160,さんごいろJIS,珊瑚色,コーラルレッド,アカサンゴの色,
#D3C6A6,211,198,166,サンドサンドベージュ,sand・sand beige,砂色,砂の色,
#D3C6A6,211,198,166,サップグリーン,黄草色,,植物（特に葉の草）の色、またはぼやけた黄がかった緑。,
#00AEEF,0,174,239,シアンJIS・シアンブルー,cyancyan blue,,基本色名・色の三原色,
#8AC75A,138,199,90,シーグリーンJIS,sea green,,澄んだ緑の海の色,
#235BC8,35,91,200,シーブルー,sea blue,,明るく青い海の色,
#3F9877,63,152,119,ジェードグリーン,jade green,翡翠色,ヒスイの色　瞳の色に出ることがある。,
#FDDDCD,253,221,205,シェルピンクJIS,shell pink,,サクラガイなどの貝殻の色,
#FFCC4E,255,204,78,しおう,雌黄,藤黄,オトギリソウ科の熱帯常緑樹から採る樹脂の色,
#757199,117,113,153,しおんいろ,紫苑色,,シオンの花の色,
#4D5269,77,82,105,しかまこん,飾磨紺,褐色,（かちいろ）,
#BA8D65,186,141,101,しかんちゃ,芝翫茶,,三代目中村歌右衛門(芝翫)が好んだ色,
#6D6F3E,109,111,62,しがらきりきゅう,信楽利休,,,
#EF4050,239,64,80,シグナルレッドJIS,signal red,,信号機の「停止」を表す色,
#F7ADC3,247,173,195,シクラメンピンク,cyclamen pink,,シクラメンの花の色,
#14001A,20,0,26,しこくしょく,紫黒色,,,
#411445,65,20,69,しこんJIS,紫紺・紫根,,ムラサキの根で染めた色選抜高等学校野球大会の優勝旗の色明治大学のスクールカラー,
#411445,65,20,69,ししいろ,宍色・肉色,肌色・ペールオレンジ,日本人の肌の色,
#0A0017,10,0,23,しっこく,漆黒,,漆の色．真っ黒の形容,
#e15a28,225,90,40,シナバー,cinnabar,朱色・バーミリオン,天然鉱物辰砂の色,
#AD6820,173,104,32,シナモン,cinnamon,肉桂色,ニッケイの樹皮の粉末の色,
#F9AA8F,249,170,143,しののめいろ,東雲色,曙色,夜明けの空の色,
#905740,144,87,64,しぶがみいろ,渋紙色,,渋紙の色,
#7B2800,123,40,0,しゃくどういろ,赤銅色,,赤銅の色　髪の毛の色に用いられることがある。,
#EBC976,235,201,118,ジャスミン,jasmine,,ジャスミンの花冠の色,
#FCF16E,252,241,110,シャトルーズイエロー・シャルトルーズイエロー,chartreuse yellow,,黄色いシャルトルーズ酒の色,
#D3E173,211,225,115,シャトルーズグリーンJIS・シャルトルーズグリーン,chartreuse green,,緑のシャルトルーズ酒の色単にシャルトリューズという場合はこちら,
#E6BE91,230,190,145,シャンパン,champagne,,シャンパンの色,
#EF454A,239,69,74,しゅいろJIS,朱色,真朱・バーミリオン,赤色顔料辰砂の色,
#F6978F,246,151,143,シュリンプピンク,shrimp pink,,エビを茹でた色,
#ED1C24,237,28,36,しょうじょうひ,猩々緋,,猩猩の血の色,
#F0566E,240,86,110,しょうびいろ,薔薇色,,→ばらいろ,
#694D9F,105,77,159,しょうぶいろ,菖蒲色,,ハナショウブの花の色,
#FFD800,255,216,0,ジョンブリアンJIS,jaune brillant,,フランス語で「輝く黄色」,
,,,,シルバー,silver,銀色・白銀色,銀の色．金属光沢をもつ,
#A1A3A6,161,163,166,シルバーグレイJIS・シルバーグレー,silver gray,銀灰色・銀鼠,,
#F0F0F0,240,240,240,しろJIS,白,ホワイト,基本色名,
,,,,しろがねいろ,白銀色・銀色,シルバー,銀の色．→ぎんいろ,
#A3D8F6,163,216,246,しろはなだ・しろきはなだ,白縹,,浅縹よりもさらに薄い縹色,
#B1063A,177,6,58,しんく・しんこう,真紅・深紅,,全国高等学校野球選手権大会の優勝旗の色 上皇旗の背景色,
#EF454A,239,69,74,しんしゅ,真朱,朱色,赤色顔料辰砂の色銀朱に対して真朱と呼ぶ。,
#FFFEF2,255,254,242,しんじゅいろ,真珠色,パールホワイト,真珠の色,
#5AB9C1,90,185,193,しんばしいろJIS,新橋色,金春色,新橋芸者に好まれた色,
#005931,0,89,49,しんりょくしょく,深緑色,,→ふかみどり,
#973C3F,151,60,63,すおうJIS,蘇芳・蘇方・蘇枋,,スオウの樹皮で染めた色,
#F15B47,241,91,71,スカーレットJIS,scarlet,緋色,日本大学のスクールカラー,
#BFC5CA,191,197,202,スカイグレイJIS・スカイグレー,sky gray,,曇った空の色,
#90D7EC,144,215,236,スカイブルーJIS・スカイ,sky blue,空色,晴れた空の色,
#684D44,104,77,68,すすたけいろJIS,煤竹色,,煤けた竹の色,
#6C676E,108,103,110,スチールグレイJIS・スチールグレー,steel gray,鋼色,鋼の色,
#4682B4,70,130,180,スチールブルー,steel blue,,,
#E8C473,232,196,115,ストロー・ストローイエロー,straw・straw yellow,,麦の茎の色,
#D83861,216,56,97,ストロベリーJIS,strawberry,苺色,苺色より赤みが強い,
#D3C6A6,211,198,166,すないろJIS,砂色,サンドベージュ,砂の色,
#F4FBFE,244,251,254,スノーホワイトJIS,snow white,,雪の色,
#004F2A,0,79,42,スプルース,spruce,,トウヒの葉の色,
#A4D5BD,164,213,189,スプレイグリーン,spray green,,水煙の色,
#28598F,40,89,143,スマルト,smalt,,コバルトガラスの色,
#333132,51,49,50,すみJIS・すみいろ,墨・墨色,,墨の色,
#705DA8,112,93,168,すみれいろJIS,菫色,バイオレット,スミレの花の色,
#5D5D63,93,93,99,スレートグレイJIS・スレートグレー,slate gray,石板色,粘板岩の色,
#60B49F,96,180,159,せいじいろJIS,青磁色・青瓷色,セラドン・秘色,青磁の色,
#9A6229,154,98,41,せいどうしょく,青銅色,ブロンズ,青銅の色,
#004B88,0,75,136,せいらん,青藍,,,
#00AE95,0,174,149,せいりょくしょく,青緑色,青緑,,
#88A476,136,164,118,セージグリーン,sage green,,セージの葉の色,
#7C402E,124,64,46,せきかっしょく・せっかっしょく,赤褐色,,,
#F9C1CF,249,193,207,せきちくいろ,石竹色,ピンク,セキチクの花の色,
#5D5D63,93,93,99,せきばんいろ,石板色・石盤色,スレートグレー,粘板岩の色,
#6B4A2B,107,74,43,セピアJIS・セピアいろ,sepia・セピア色,,イカの墨の色古くなった写真・記憶の形容,
#C5D6B9,197,214,185,セラドン,celadon,青磁色・秘色,タイの青磁セラドンの色,
#E45653,228,86,83,ゼラニウムレッド,geranium red,,ゼラニウムの花の色,
#008CAF,0,140,175,セルリアンブルー,cerulean blue,,青色顔料セルリアンブルーの色,
#444E2B,68,78,43,せんさいちゃ・せんざいちゃ,仙斎茶・千歳茶,,千歳緑に茶味をかけたものか,
#2B6442,43,100,66,せんざいみどり,千歳緑,常磐色・エバーグリーン,→ちとせみどり,
#F3ECD8,243,236,216,ぞうげいろJIS,象牙色,アイボリー,象牙の色,
#89B0D5,137,176,213,そうしねず,相思鼠,,語源の詳細は不明,
#F0566E,240,86,110,そうびいろ,薔薇色,,→ばらいろ,
#D47258,212,114,88,そおそおに・そぼに,赭・朱赭土,,赤い土の色,
#E48B63,228,139,99,そひそひいろ,纁・蘇比・素緋纁色,,アカネで浅く染めた色,
#90D7EC,144,215,236,そらいろJIS,空色・天色,スカイブルー,晴れた空の色,
#EC008C,236,0,140,ソルフェリノ,solferino・品红,マゼンタ,,
#010066,1,0,102,ダークブルー,dark blue,濃青色,オックスフォード大学のスクールカラー,
#00B7CE,0,183,206,ターコイズブルーJIS,turquoise blue,,トルコ石の色,
#1A4472,26,68,114,ターンブルブルー,Turnbull's blue,紺青,青色顔料紺青の色,
#E2AEA8,226,174,168,たいこう,退紅・褪紅,,ベニバナで浅く染めた色,
#B4532A,180,83,42,たいしゃJIS・たいしゃいろ,代赭・代赭色,,中国山西省代州の黄土を熱して得る色,
#9B95C9,155,149,201,たいしょうふじ,大正藤,藤紫,大正時代に流行したことから,
#F58220,245,130,32,だいだいいろJIS,橙色,オレンジ,ダイダイの果皮の色,
#989E58,152,158,88,ダックグリーン,duck green,鴨の羽色・ティールグリーン,カモの緑の羽の色,
#007394,0,115,148,ダックブルー,duck blue,鴨の羽色・ティールブルー,カモの青い羽の色,
#91623F,145,98,63,たばこいろ,煙草色,,乾燥させたタバコの葉の色,
#8D8790,141,135,144,ダブグレイ・ダブグレー,dove gray,,ハトの羽の色,
#FFCE7B,255,206,123,たまごいろJIS,卵色・玉子色,,卵黄の色,
#F37053,243,112,83,たん,丹,丹色,→にいろ,
#B87644,184,118,68,タンJIS,tan,,なめした革の色,
#FFF1AB,255,241,171,たんこうしょく,淡黄色,,,
#995D41,153,93,65,だんじゅうろうちゃ,団十郎茶,,市川團十郎十八番「暫」の衣装の色,
#ABE1FA,171,225,250,たんせいしょく,淡青色,ライトブルー,東京大学のスクールカラー,
#FFD400,255,212,0,たんぽぽいろJIS,蒲公英色,,タンポポの花の色,
#CEE6C1,206,230,193,たんりょくしょく,淡緑色,薄緑,,
#6A3300,106,51,0,チェスナット・チェスナットブラウン,chestnut・chestnut brown,栗色,ヨーロッパグリの実の色,
#D9394E,217,57,78,チェリー・チェリーレッド,cherry・cherry red,,サクランボの実の色,
#F172A3,241,114,163,チェリーピンクJIS,cherry pink,桜桃色,本来のサクランボの色とは異なる,
#97C5B0,151,197,176,ちぐさいろ,千草色・千種色,,うすい浅葱色,
#21A0DB,33,160,219,ちぐさいろ,千草色,露草色,ツユクサの花の色,
#2B6442,43,100,66,ちとせみどり・せんざいみどり,千歳緑,常磐色・エバーグリーン,常緑樹の葉の色,
#D3E173,211,225,115,チャートリュース,chartreuse,,→シャルトルーズグリーン,
#3155A6,49,85,166,チャイナブルー,china blue,オリエンタルブルー,陶磁器に用いる色,
#F9C1CF,249,193,207,チャイニーズピンク,Chinese pink,石竹色,セキチク（中国原産種）の花の色,
#1A4472,26,68,114,チャイニーズブルー,Chinese blue,紺青,青色顔料紺青の色,
#F47A4D,244,122,77,チャイニーズレッドJIS,Chinese red,朱色,中国産辰砂の色,
#864A2B,134,74,43,ちゃいろJIS,茶色,褐色・ブラウン,チャノキの葉を蒸して染めた色現在は褐色系全般,
#8E3E1F,142,62,31,ちゃかっしょく,茶褐色,,,
#4C444D,76,68,77,チャコールグレイJIS・チャコールグレー,charcoal gray,消炭色,木炭の色,
#9D9087,157,144,135,ちゃねずちゃねずみJIS,茶鼠,,,
#FFE500,255,229,0,ちゅうきJIS,中黄,,印刷用．赤黄・青黄に対する色。純粋な黄色。,
#B97E4D,185,126,77,ちょうじいろ,丁子色,,チョウジで染めた色,
#90593F,144,89,63,ちょうじちゃ,丁子茶,,,
#602D1D,96,45,29,チョコレートJIS・チョコレートブラウン,chocolate・chocolate brown,,チョコレートの色チョコレート色とも,
#8E3F61,142,63,97,チリアンパープル,Tyrian purple,,ティルスから出荷された紫,
#21A0DB,33,160,219,つきくさいろ,月草色,露草色・千草色,ツユクサの花の色,
#618BAD,97,139,173,つぎのはなだ・つぐはなだ,次縹,,標準的な縹よりもやや薄い色,
#B47142,180,113,66,つちいろJIS,土色,,一般的な土の色,
#EF5B9C,239,91,156,つつじいろJIS,躑躅色,アザレアピンク,ツツジの花の色,
#21A0DB,33,160,219,つゆくさいろJIS,露草色,千草色・月草色,ツユクサの花で染めた色,
#515254,81,82,84,つるばみいろ,橡色,,ドングリで染めた色,
#1A4472,26,68,114,ディースバッハブルー,Diesbach blue,紺青,青色顔料紺青の色,
#AF011C,175,1,28,ディープレッド,Deep red,,,
#006956,0,105,86,ティールグリーン,teal green,鴨の羽色・ティールブルー,マガモ(teal)のオスの首の色,
#004864,0,72,100,ティールブルー,teal blue,鴨の羽色・ティールグリーン,マガモ(teal)のオスの首の色,
#005344,0,83,68,てついろJIS・くろがねいろ,鉄色,,鉄の色．鉄を含む釉薬の色,
#281914,40,25,20,てつぐろJIS,鉄黒,,四酸化三鉄による黒錆の色,
#0F1A45,15,26,69,てつこんJIS,鉄紺,紺鉄,,
#6A3427,106,52,39,てつさびいろ,鉄錆色,,三酸化二鉄による赤錆の色,
#255668,37,86,104,てつなんど・てつおなんど,鉄納戸・鉄御納戸,,,
#B66655,182,102,85,テラコッタJIS,terracotta,,イタリア語で「焼いた土」,
#FFCC4E,255,204,78,とうおう,藤黄,雌黄,,
#FBB034,251,176,52,とうおうしょく・とうこうしょく,橙黄色,,,
#EEC362,238,195,98,とうもろこしいろ,玉蜀黍色,メイズ・コーン,トウモロコシの種子（果実）の色,
#565565,86,85,101,トープ,taupe,,フランス語でモグラのこと．モグラ色,
#D0B8BB,208,184,187,ドーンピンク,dawn pink,,夜明けの空の色,
#F5C9C6,245,201,198,ときいろJIS,鴇色・朱鷺色,,トキの一部の羽の色,
#007B49,0,123,73,ときわいろJIS,常磐色・常盤色,エバーグリーン・千歳緑,常緑樹の葉の色．永遠を表す形容,
#38755D,56,117,93,とくさいろ,木賊色・砥草色,,トクサの茎の色,
#E3C395,227,195,149,とのこいろ,砥粉色,,砥石の粉の色,
#CD821F,205,130,31,トパーズ,topaz,,宝石トパーズの色,
#85403A,133,64,58,とびいろJIS,鳶色,,トビの羽の色,
#F15B55,241,91,85,トマトレッドJIS,tomato red,,トマトの実の色,
#FFF6DC,255,246,220,とりのこいろ,鳥の子色,,鶏卵の殻の色,
#33CC99,51,204,153,ナイルグリーン,Nile green,,ナイル川の水の色,
#279E91,39,158,145,ナイルブルーJIS・ナイルあお,Nile blue・ナイル青,,ナイル川の水の色,
#AFC87D,175,200,125,なえいろ,苗色,,イネの苗の色,
#267CA7,38,124,167,なかはなだ・なかのはなだ,中縹,縹・花色,縹色を4段階に分けたうちの標準色,
#451F49,69,31,73,なすこんJIS,茄子紺,,ナスの実の色,
#F6ADC6,246,173,198,なでしこいろ,撫子色,ピンク,ナデシコの花の色,
#FFEC50,255,236,80,なのはないろ,菜の花色,,アブラナの花の色,
#EDF0E0,237,240,224,なまがきいろ,生牡蠣色,牡蠣色,カキの身の色,
#94825D,148,130,93,なまかべいろ,生壁色,,塗ったばかりの壁の色,
#72777B,114,119,123,なまりいろJIS,鉛色,,鉛の色、曇天の色。,
#007C8A,0,124,138,なんどいろJIS・おなんどいろ,納戸色・御納戸色,,納戸の暗さを表す色。もしくは納戸方の服の色,
#2A6E6B,42,110,107,なんどちゃ・おなんどちゃ・なんどねず,納戸茶・御納戸茶・納戸鼠,,灰色がかった納戸色,
#F37053,243,112,83,に・たんにいろ,丹・丹色,,赤土の色,
#FEDCBD,254,220,189,にくいろ,肉色,肌色・フレッシュ,黄色人種の肌の色,
#725889,114,88,137,にせむらさき,似紫,,スオウとミョウバンから得る色,
#DA765B,218,118,91,にっけいいろJIS,肉桂色,シナモン,ニッケイの乾燥した樹皮の色,
#636466,99,100,102,にびいろにぶいろ,鈍色,,喪服に用いる,
#FFFEF6,255,254,246,にゅうはくしょく,乳白色,ミルキーホワイト,牛乳の色,
#F47A44,244,122,68,にんじんいろ,人参色,キャロットオレンジ,ニンジンの根の色,
#000b00,0,11,0,ぬれがらす,濡烏,濡羽色・烏羽色,艶やかなカラスの羽の色,
#000b00,0,11,0,ぬればいろ,濡羽色,濡烏・烏羽色,艶やかなカラスの羽の色,
#1F2F54,31,47,84,ネイビー・ネービーブルーJIS,navy・navy blue,,イギリス海軍の制服の色ネービーはネイビーとも,
#FFD167,255,209,103,ネープルスイエローJIS,Naples yellow,,ナポリで産出した顔料の色,
#FDDAC5,253,218,197,ネールピンクJIS,nail pink,,健康な爪の色,
#6E6A37,110,106,55,ねぎしいろ,根岸色,,根岸壁の色,
#8A8C8E,138,140,142,ねずみいろJIS,鼠色,灰色・グレー,ネズミの毛の色．無彩色の総称,
#FFF4DB,255,244,219,ねりいろ,練色,,練った絹の色,
#010066,1,0,102,のうせいしょく,濃青色,ダークブルー,京都大学のスクールカラー,
#175B66,23,91,102,のしめいろ,熨斗目色,,,
#426579,66,101,121,のしめはないろ,熨斗目花色,,,
#561B24,86,27,36,バーガンディーJIS,burgundy,ワインレッド,ブルゴーニュ産のワインの色,
#E2E3CB,226,227,203,パーチメント,parchment,,羊皮紙の色,
#956DAF,149,109,175,パープルJIS,purple,紫,貝のパープル腺から得られる色・基本色名,
#6F51A1,111,81,161,パープルブルー,purple blue,青紫・バイオレット,基本色名,
#F26649,242,102,73,バーミリオンJIS,vermilion・vermillion,銀朱・朱色シナバー,硫化水銀に人工の朱色,
#BDBDB7,189,189,183,パールグレイJIS・パールグレー,pearl gray,,真珠の光沢を帯びた灰色,
#FFFEF2,255,254,242,パールホワイト,pearl white,,真珠の色,
#76573C,118,87,60,バーントアンバーJIS,burnt umber,,焼いたアンバーの色,
#C85D5A,200,93,90,バーントオレンジ,burnt orange,,バーントは「濃い」の意味,
#AB5239,171,82,57,バーントシェンナJIS,burnt sienna,,焼いたシェンナの色,
#806C68,128,108,104,はいあか,灰赤,,灰色がかった赤色,
#E1AFBE,225,175,190,はいあかむらさき,灰赤紫,,灰色がかった赤紫色,
#717375,113,115,117,はいいろJIS,灰色,鼠色・グレー,灰の色．基本色名,
#7159A6,113,89,166,バイオレットJIS,violet,菫色・青紫,スミレの花の色,
#E6D2C9,230,210,201,はいざくら,灰桜,,灰色がかった桜色,
#465DAA,70,93,170,バイスブルー,bice blue,群青色・ウルトラマリン,藍銅鉱から得られる青色,
#905C40,144,92,64,はいちゃJIS,灰茶,,灰色がかった茶色,
#5B8063,91,128,99,はいみどり,灰緑,灰緑色,灰色がかった緑色,
#6C676E,108,103,110,はがねいろ,鋼色,スチールグレー,鋼の色,
#B47454,180,116,84,はじいろ,黄櫨色・櫨色,,ハゼノキの樹皮で染めた色．黄櫨染とは別,
#A69ABD,166,154,189,はしたいろ,半色・端色,,中紫よりも薄い色,
#FEDCBD,254,220,189,はだいろJIS,肌色,肉色・薄橙・フレッシュジョンブリアン,黄色人種の肌の色,
#E7BB5E,231,187,94,はちみついろ,蜂蜜色,ハニー,蜂蜜の色,
#9687A3,150,135,163,はとばいろJIS,鳩羽色,,ハトの羽の色,
#9687A3,150,135,163,はとばねず・はとばねずみ,鳩羽鼠,ダブグレイ,鳩鼠（はとねずみ）とも,
#00738A,0,115,138,はなあさぎ,花浅葱,,花色と浅葱色を混ぜた色,
#426AB3,66,106,179,はないろ,花色,縹色,本来は「花田色」を略したもの解釈によりさまざま,
#267CA7,38,124,167,はなだ・はなだいろJIS,縹縹色・花田色,花色・シアン,日本古来の青,
#5F4894,95,72,148,はなむらさき,花紫,,花色と紫色を混ぜた色,
#28598F,40,89,143,はなこんじょう,花紺青,スマルト,コバルトガラスの色,
#E7BB5E,231,187,94,ハニー,honey,蜂蜜色,蜂蜜の色,
#FAC7C1,250,199,193,はねずいろ,朱華色・唐棣色,,ニワウメの花の色,
#C69E6E,198,158,110,バフJIS,buff,黄褐色,水牛の揉み革の色,
#F0566E,240,86,110,ばらいろJIS・そうびいろ,薔薇色,ローズ,バラの赤い花の色,
#1A4472,26,68,114,パリブルー・パリスブルー,Paris blue,紺青,青色顔料紺青の色,
#583F99,88,63,153,パンジーJIS,pansy,,パンジーの紫の花の色,
#00633A,0,99,58,ハンターグリーン,hunter green,,森林での狩猟に使われる服の色,
#F30100,243,1,0,ハンティングピンク,hunting pink,,平原での狩猟に使われる服の色,
#905740,144,87,64,バンダイクブラウン・ヴァンダイクブラウン,Vandyke brown・Van Dyck brown,,ヴァン・ダイクが好んだ色,
#E4C068,228,192,104,バンブー,bamboo,,竹材に用いる枯れた竹の色,
#E29956,226,153,86,パンプキン,pumpkin,,カボチャの果肉の色,
#89A368,137,163,104,ピーグリーン,pea green,,エンドウの実の色,
#00AE9D,0,174,157,ピーコックグリーンJIS,peacock green,,クジャクの羽の色,
#00A2A4,0,162,164,ピーコックブルーJIS,peacock blue,,クジャクの羽の色,
#FDD1B0,253,209,176,ピーチJIS,peach,ペッシュ,モモの果肉の色,
#F58F98,245,143,152,ピーチブロッサム・ピーチブラッサム,peach blossom,桃色,モモの花の色,
#DA523A,218,82,58,ひいろ,緋色,スカーレット,アカネで染めた色,
#3F9877,63,152,119,ひすいいろ,翡翠色,ジェードグリーン,ヒスイの色,
#BC9C78,188,156,120,ビスケット,biscuit,,ビスケットの色,
#B4CF9E,180,207,158,ピスタシオグリーン・ピスタチオグリーン,pistacho green,,ピスタチオの実の色,
#CAE8E2,202,232,226,ひそくひしょく,秘色,青磁色・セラドン,青磁の色,
#FFC20E,255,194,14,ひまわりいろJIS,向日葵色,,ヒマワリの花の色,
#78CDD1,120,205,209,びゃくぐんJIS,白群,,青色顔料岩群青を細かく砕いた色,
#CDE6C7,205,230,199,びゃくろくJIS,白緑,,緑色顔料岩緑青を細かく砕いた色,
#659AD2,101,154,210,ヒヤシンスJIS,hyacinth,,ヒヤシンスの花の色,
#00896B,0,137,107,ビリジアンJIS・ビリジャン,viridian,,緑色顔料ビリジアンの色,
#005D4D,0,93,77,ビリヤードグリーンJIS,billiard green,,ビリヤード台の羅紗の色,
#CBC547,203,197,71,ひわいろJIS,鶸色,,マヒワの羽の色,
#8F4B38,143,75,56,ひわだいろJIS,檜皮色・桧皮色,,ヒノキ・スギなどの樹皮の色,
#958C59,149,140,89,ひわちゃ,鶸茶,,,
#F8ABA6,248,171,166,ピンクJIS,pink,桃色・石竹色・撫子色,本来はナデシコ属の花の色,
#356D64,53,109,100,ファーグリーン,fir green,,モミの葉の色,
#F15B40,241,91,64,ファイアーレッド,fire red,,火の色,
#C0CDDC,192,205,220,ファウンテンブルー,fountain blue,,泉の水の色,
#F16682,241,102,130,ブーゲンビリア,bougainvillaea,,ブーゲンビリアの苞葉の色,
#465DAA,70,93,170,フェルメールブルー,Vermeer blue,群青色・ウルトラマリン,フェルメールが用いたウルトラマリンの色．,
#72C6EF,114,198,239,フォゲットミーノット,forget-me-not,勿忘草色,ワスレナグサの花の色,
#937B69,147,123,105,フォーン,fawn,,子鹿の毛の色,
#758492,117,132,146,フォグブルーフォッグブルー,fog blue,,濃い霧の色,
#26896D,38,137,109,フォレストグリーンJIS,forest green,,針葉樹林の色,
#97A791,151,167,145,ふかがわねずみ,深川鼠,,江戸の深川にちなんで名づけられた緑みのある灰色,
#274765,39,71,101,ふかきはなだ,深縹,,→こきはなだ,
#B4534B,180,83,75,ふかひ,深緋,,濃い緋色,
#005931,0,89,49,ふかみどりJIS,深緑,,濃い緑,
#CC1669,204,22,105,フクシャ・フクシアフューシャ,fuchsia,マゼンタ,フクシアの花の色,
#B455A0,180,85,160,フクシャパープル,fuchsia purple,,フクシアの紫の花の色フクシアパープル・フューシャパープルとも,
#E95B6B,233,91,107,フクシャピンク,fuchsia pink,,フクシアのピンクの花の色フクシアピンク・フューシャピンクとも,
#E8204E,232,32,78,フクシャレッド,fuchsia red,,フクシアの赤い花の色フクシアレッド・フューシャレッドとも,
#49796B,73,121,107,フーカスグリーン,Hooker's green,,ウィリアム・フッカー (植物画家)に因んだ色フーカースグリーン、フーカーズグリーン、フッカーズグリーン、フッカースグリーン、フーカズグリーンとも,
#AFB4DB,175,180,219,ふじいろJIS,藤色,ウィスタリア,フジの花の色,
#6A6DA9,106,109,169,ふじなんどJIS・ふじおなんど,藤納戸・藤御納戸,,,
#A194A6,161,148,166,ふじねず,藤鼠,,,
#9B95C9,155,149,201,ふじむらさきJIS,藤紫,大正藤,,
#6B4978,107,73,120,ふたあい,二藍,,ベニバナとアイを重ねて染めた色,
#691C2A,105,28,42,ぶどういろ,葡萄色,,→えびいろ,
#725761,114,87,97,ぶどうねずみ,葡萄鼠,,,
#875C44,135,92,68,ブラウン,brown,茶色・褐色,,
#0D0116,13,1,22,ブラックJIS,black,黒,基本色名,
#F58E7D,245,142,125,フラミンゴ,flamingo,,フラミンゴの羽の色,
#007DC5,0,125,197,ブルーJIS,blue,青,基本色名・光の三原色,
#00AE95,0,174,149,ブルーグリーン,blue green,青緑,基本色名,
#758492,117,132,146,ブルーフォグ,blue fog,,→フォグブルー,
#1A4472,26,68,114,プルシアンブルーJIS・プルシアあい,Prussian Blue・プルシア藍,紺青,青色顔料紺青の色,
#FFE6CE,255,230,206,フレッシュ,flesh,肌色・ペールオレンジ,白色人種の肌の色,
#E3C1BB,227,193,187,フレッシュピンク,flesh pink,,,
#9A6229,154,98,41,ブロンズJIS,bronze,青銅色,青銅の色,
#1A4472,26,68,114,ブロンズブルー,bronze blue,紺青,青色顔料紺青の色,
#EF4123,239,65,35,ブロンズレッド,bronze red,金赤,,
#F3D18A,243,209,138,ブロンドJIS,blond・blonde,,金髪の色,
#E7D0A9,231,208,169,ベージュJIS・ベージ,beige,,天然の羊毛の色,
#B97E4D,185,126,77,ヘーゼルブラウン,hazel brown,,ハシバミの実の色,
#FFE6CE,255,230,206,ペールオレンジ,pale orange,フレッシュ・肌色,フレッシュの表現を避けるために使用,
#C5956B,197,149,107,ペールブラウン,pale brown,薄茶,,
#F37167,243,113,103,ベゴニア,begonia,,ベゴニアの赤い花の色,
#FDD1B0,253,209,176,ペッシュJIS,pêche,ピーチ,フランス語。モモの果肉の色,
#D93A49,217,58,73,べにあかJIS,紅赤,,印刷用．青みの赤,
#C22047,194,32,71,べにいろJIS,紅色,唐紅・韓紅・韓紅花,ベニバナの花弁で染めた色,
#963531,150,53,49,べにえびちゃJIS,紅海老茶,,,
#B4534B,180,83,75,べにかばいろJIS,紅樺色,,,
#892F1B,137,47,27,べにがらいろ,紅殻色,,→べんがらいろ,
#E83929,232,57,41,べにひJIS,紅緋,緋色,茜染めの一種。茜に紅花の交染料,
#FEE3D7,254,227,215,ベビーピンクJIS,baby pink,,乳幼児の服に好まれる色,
#ADE0EE,173,224,238,ベビーブルーJIS,baby blue,,乳幼児の服に好まれる色,
#8A77B7,138,119,183,ヘリオトロープJIS,heliotrope,,ヘリオトロープの花の色,
#6658A6,102,88,166,ベルフラワー,bellflower,,ベルフラワーの花の色,
#1A4472,26,68,114,ベルリンブルー・ベレンス,Berlin Blue,紺青,青色顔料紺青の色ベルリンあお（伯林青）とも,
#892F1B,137,47,27,べんがらいろJIS・べにがらいろ,弁柄色・紅殻色,,赤色顔料ベンガラの色,
#97441D,151,68,29,ヘンナ,henna,,シコウカの葉で染めた色,
#E761A4,231,97,164,ぼたんいろJIS,牡丹色,,ボタンの赤い花の色,
#005739,0,87,57,ボトルグリーンJIS,bottle green,,ワインなどの瓶に使われる色,
#F04E58,240,78,88,ポピーレッドJIS,poppy red,,ヒナゲシの赤い花の色,
#92D7E7,146,215,231,ホリゾンブルーJIS・ホライズンブルー,horizon blue,,地平線に近い空の色,
#5F161D,95,22,29,ボルドーJIS,bordeaux,,ボルドー産のワインの色,
#FFFFFB,255,255,251,ホワイトJIS,white,白,基本色名,
#EF454A,239,69,74,ほんしゅ,本朱,真朱・朱色,赤色顔料辰砂の色,
#8D3635,141,54,53,ポンペイアンレッド,Pompeian red,,ポンペイ遺跡から発掘された壁画に使用された赤色,
#997A8D,153,122,141,マウントバッテンピンク,Mountbatten pink,,第二次世界大戦中のイギリス海軍で軍艦に用いられた色考案したルイス・マウントバッテンから,
#A7894B,167,137,75,マスタード,mustard,,マスタードの色,
#EC008C,236,0,140,マゼンタJIS・マジェンタ,magenta,フクシャ,基本色名・色の三原色イタリアの地名マジェンタから,
#DF8D7D,223,141,125,まそお,真赭・真朱,,天然の辰砂の色,
#B7BA6B,183,186,107,まっちゃいろJIS,抹茶色,利休色,抹茶の薄茶の色,
#74905D,116,144,93,まつばいろJIS・まつのはいろ,松葉色・松の葉色,,マツの葉の色,
#465DAA,70,93,170,マドンナ・マドンナブルー,Madonna・Madonna blue,群青色・ウルトラマリン,聖母マリアに捧げられた色,
#692927,105,41,39,マホガニー,mahogany,,マホガニー材の色,
#009D5B,0,157,91,マラカイトグリーンJIS・くじゃくりょく,malachite green・孔雀緑,緑青色,緑色顔料岩緑青（＝マラカイト）の色,
#F79428,247,148,40,マリーゴールドJIS,marigold,,マリーゴールドの花の色,
#006881,0,104,129,マリンブルーJIS,marine blue,,深い海の青色,
#800000,128,0,0,マルーンJIS,maroon,栗色,クリの実（本来はマロニエの実）の色,
#73C2FB,115,194,251,マヤブルー,maya blue,,古代マヤ文明で用いられた色,
#ED9E31,237,158,49,マンダリンオレンジJIS,mandarin orange,蜜柑色,マンダリンオレンジの実の色,
#FFC40C,255,196,12,ミカドイエロー,Mikado Yellow,,黄櫨染が欧米で変化した色,
#F68B1F,246,139,31,みかんいろJIS,蜜柑色,マンダリンオレンジ,ウンシュウミカンの果皮の色,
#70A19F,112,161,159,みずあさぎJIS,水浅葱・水浅黄,,,
#AFDFE4,175,223,228,みずいろJIS,水色,アクア・ウォーターブルー・水縹,澄んだ水の色,
#AFDFE4,175,223,228,みずはなだ,水縹,水色,水で薄めた縹色,
#001F43,0,31,67,ミッドナイトブルーJIS,midnight blue,留紺,真夜中のイメージを表す色,
#008000,0,128,0,みどりJIS,緑,グリーン,基本色名・光の三原色,
#00793D,0,121,61,みどり,翠,緑,カワセミの羽の色,
#80989B,128,152,155,みなとねずみ,湊鼠,,湊紙の色,
#6E6B41,110,107,65,みるいろJIS,海松色・水松色,,ミルの色,
#FFFEF6,255,254,246,ミルキーホワイト・ミルクいろ,milky white・ミルク色,乳白色,牛乳の色ミルクホワイト(milk white)とも,
#1A4472,26,68,114,ミロリーブルー・ミロリブルー,Milori blue,紺青,青色顔料紺青の色,
#90CE9C,144,206,156,ミントグリーンJIS,mint green,,ハッカの葉、または薄荷酒の色,
#3a5b52,58,91,82,むしあお,虫襖,玉虫色,玉虫の翅の色のように見える暗い青味の緑色,
#ebe1a9,235,225,169,むしぐりいろ,蒸栗色,,蒸した栗の実のような淡い黄色,
#8B52A1,139,82,161,むらさきJIS,紫,パープル,ムラサキの根で染めた色・基本色名,
#5f414b,95,65,75,むらさきとび,紫鳶,,鳶色系の色の一つ,
#FFD768,255,215,104,メイズ,maize,,トウモロコシの実の色,
#5C3B54,92,59,84,めっし,滅紫,,→けしむらさき,
#A9D159,169,209,89,もえぎ・もえぎいろ,萌黄・萌黄色・萌木色,萌葱色,芽吹いたばかりの草木の色,
#006C4F,0,108,79,もえぎいろJIS,萌葱色,萌黄色,ネギの芽の色,
#855896,133,88,150,モーブJIS,mauve,,アニリンから合成される染料の色,
#C7A252,199,162,82,もくらん・もくらんいろ,木蘭・木蘭色,黄橡,ミロバランの実で染めた色法衣に用いる際は木蘭色（もくらんじき）,
#5B6F3A,91,111,58,モスグリーン,moss green,苔色,コケの色,
#8F917F,143,145,127,モスグレイモスグレー,moss gray,,,
#F58F98,245,143,152,ももいろJIS・もものはないろ,桃色・桃花色,ピーチブロッサム・ピンク,モモの花の色,
#542D24,84,45,36,ももしおちゃ,百塩茶,羊羹色,何回も染重ねた濃い紫褐色,
#ADCA80,173,202,128,やなぎいろ,柳色,,ヤナギの葉の色,
#BAB454,186,180,84,やなぎちゃ,柳茶,威光茶,,
#738581,115,133,129,やまあいずり,山藍摺,,,
#83866C,131,134,108,やまばといろ,山鳩色,麹塵,ヤマバトの羽の色,
#FCAF17,252,175,23,やまぶきいろJIS,山吹色,黄金色,ヤマブキの花の色江戸時代には小判の隠語,
#FFDAA2,255,218,162,ゆうおう,雄黄,,硫化砒素鉱物の色,
#404048,64,64,72,ゆうしょく,黝色,,,
#F3A1B2,243,161,178,ゆるしいろ,雄黄,,平安時代に身分別の色の基準に用いられていた色,
#542D24,84,45,36,ようかんいろ,羊羹色,百塩茶,羊羹の色,
#C53258,197,50,88,ようこうようべに,洋紅,カーマイン・コチニールレッド,コチニールレッドの和名,
#616B07,97,107,7,よもぎいろ,蓬色,,ヨモギの葉の色,
#ABE1FA,171,225,250,ライトブルー,light blue,淡青色,ケンブリッジ大学のスクールカラー　ライトブルーは英語版,
#87CEFA,135,206,250,ライトサックスブルー,light saxe blue,,川崎フロンターレのホームカラー,
#5AFF19,90,255,25,ライム・ライムグリーン,limelime green,,ライムの実の色,
#C7B2D6,199,178,214,ライラックJIS,lilac,,ライラックの花の色,
#B7704F,183,112,79,らくだいろ,駱駝色,キャメル,ラクダの毛の色,
#8D1A4A,141,26,74,ラズベリー,raspberry,,ラズベリーの実の色,
#974407,151,68,7,ラセット・ラセットブラウン,russetrusset brown,赤褐色・小豆色,russetは赤褐色の意味,
#426AB3,66,106,179,ラピスラズリ,lapis lazuli,瑠璃色,宝石ラピスラズリの色,
#465DAA,70,93,170,ラファエル,Raphael,群青色・ウルトラマリン,ラファエロの英語名にちなむ,
#B7A8CC,183,168,204,ラベンダーJIS,lavender,,ラベンダーの花の色,
#00AEEF,0,174,239,らんししょく,藍紫色,シアン,,
#006F86,0,111,134,らんりょくしょく,藍緑色,アクアマリン,,
#C7A252,199,162,82,らんちゃ,蘭茶,黄橡,→もくらん,
#221816,34,24,22,ランプブラックJIS,lamp black,,黒色顔料ランプブラックの色,
#91BA58,145,186,88,リーフグリーンJIS,leaf green,,樹木の葉の色,
#6E6636,110,102,54,りかんちゃ,璃寛茶,,二代目嵐吉三郎(璃寛)が好んだ色,
#547443,84,116,67,りきゅうあい,利休藍,藍利休,,
#667137,102,113,55,りきゅういろ,利休色,抹茶色,千利休にちなむ抹茶の色利休好みの色とも,
#CCCF9A,204,207,154,りきゅうしらちゃ,利休白茶,,「利休」は抹茶の緑みを表す,
#776D3A,119,109,58,りきゅうちゃ,利休茶,,千利休が好んだ色こちらが利休色と呼ばれることも,
#555E43,85,94,67,りきゅうなまかべ,利休生壁,,,
#54745C,84,116,92,りきゅうねず・りきゅうねずみJIS,利休鼠,,北原白秋作詞「城ヶ島の雨」に登場,
#375A5F,55,90,95,リバーブルー,river blue,,川の水の色,
#47845E,71,132,94,りょくしょういろ,緑青色,マラカイトグリーン,→ろくしょういろ,
#9079ad,144,121,173,りんどういろ,竜胆色,,,
#CF355D,207,53,93,ルビーレッドJIS,ruby red,,宝石ルビーの色,
#2A5CAA,42,92,170,るりいろJIS,瑠璃色,ラピスラズリ,宝石ラピスラズリの色,
#224B8F,34,75,143,るりこんJIS,瑠璃紺,紺瑠璃,,
#FFE8AF,255,232,175,レグホーンJIS・レグホン,leghorn,,ニワトリの品種、白色レグホーンの毛の色,
#F15B5B,241,91,91,レッドJIS,red,赤,基本色名・光の三原色,
#F067A6,240,103,166,レッドパープル,red purple,赤紫,基本色名,
#FFF450,255,244,80,レモンイエローJIS・レモンいろ,lemon yellow・檸檬色,,レモンの実の色,
#AE5039,174,80,57,れんがいろJIS,煉瓦色,,赤煉瓦の色神戸大学のスクールカラー,
#1955A6,25,85,166,ロイヤルブルー,royal blue,,英国王室のオフィシャルカラー,
#231F20,35,31,32,ろいろろういろ,呂色・蝋色,,蝋色塗りした漆器の色,
#89652B,137,101,43,ローアンバーJIS,raw umber,,天然のアンバーの色,
#D57A3D,213,122,61,ローシェンナJIS,raw sienna,,天然のシェンナの色,
#EF4868,239,72,104,ローズJIS,rose,薔薇色,バラの赤い花の色,
#948779,148,135,121,ローズグレイJIS・ローズグレー,rose gray,,→ローズグレー,
#F5989D,245,152,157,ローズピンクJIS,rose pink,,バラのピンクの花の色,
#950042,149,0,66,ローズマダー,rose madder,,赤色顔料ローズマダーの色,
#F05F8D,240,95,141,ローズレッドJIS,rose red,,バラの赤紫の花の色,
#47845E,71,132,94,ろくしょういろJIS・りょくしょういろ,緑青色,マラカイトグリーン,緑色顔料岩緑青の色,
#8A7035,138,112,53,ろこうちゃ,路考茶,,二代目瀬川菊之丞（路考）が用いた色,
#8D3043,141,48,67,ワインレッドJIS・ワインカラー,wine red・wine color,葡萄色,赤ワインの色,
#C3D941,195,217,65,わかくさいろJIS,若草色,,芽吹いたばかりの草の色,
#65C294,101,194,148,わかたけいろJIS,若竹色,,若い竹の幹の色,
#ABC88B,171,200,139,わかばいろJIS,若葉色,,若葉の色,
#9DD29C,157,210,156,わかみどり,若緑,,とくにマツの若葉の色,
#A6C78E,166,199,142,わさびいろ,山葵色,,ワサビの色,
#7BBFEA,123,191,234,わすれなぐさいろJIS,勿忘草色,フォゲットミーノット,ワスレナグサの花の色,
,,,,たまむしいろ,玉虫色,,光の干渉によって色調変化をする染色や織色どちらつかずの状態のことも表す,
,,,,とうかしょく,透過色,無色,色がなく、透過光のために透明に見える状態CGでは画面奥側にあるレイヤー上の色を表示する,
,,,,どどめいろ,どどめ色,,赤黒い紫色や、単に汚い色などを指す人や地方によって解釈が異なる,
,,,,にじいろ,虹色,,虹を構成する色。赤・橙・黄色・緑・青・藍・紫世界各地の文化によって異なる。転じて、多彩な色の集まり,
,,,,むしょく,無色,透過色・白,色がない状態。未着色。透過光の場合は透明に、反射光の場合は白に見える,